Sea_Surface_Temperature,Atmospheric_Pressure,Humidity,Wind_Shear,Vorticity,Latitude,Ocean_Depth,Proximity_to_Coastline,Pre_existing_Disturbance,Cyclone
27.49816048,1008.521429,89.27975767,13.97987726,1.98E-05,8.119890407,76.13762548,1.366176146,1,1
28.40446005,1001.242177,60.82337977,19.54864778,8.41E-05,9.246782214,131.8212352,0.68340451,1,1
27.21696897,995.7426929,77.27780075,9.368437103,0.000063126,7.789877213,181.4650918,0.866361843,1,1
27.82427994,1003.555279,67.98695129,12.71351658,6.13E-05,5.929008254,323.3951834,0.670524124,1,1
26.26020637,1008.466566,98.62528132,17.12596022,3.39E-05,6.95344228,357.9048619,0.940152494,1,1
26.48815294,994.8553073,61.37554084,18.63980603,2.96E-05,18.25044569,190.2699842,1.020068021,1,1
28.18684112,985.5456337,98.78338511,16.62699235,9.43E-05,22.89654701,319.0549905,1.421874235,1,1
26.35397001,985.8794859,61.80909156,9.879954961,4.19E-05,10.42698064,422.9318791,0.856753327,1,1
27.12373804,996.2808825,65.636969,17.03295471,1.21E-05,24.73773873,397.5101462,0.698715682,1,1
26.02208847,1004.463843,88.27429375,15.93510752,7.83E-05,6.480893035,211.3095778,0.61586906,1,1
29.4524137,998.6989438,73.23592099,5.953375254,3.45E-05,11.50366644,378.3227803,1.137557471,1,1
29.54885097,994.1664478,64.78376984,15.69867181,7.73E-05,16.22554395,396.935231,0.993795596,1,1
28.09093132,992.8262306,61.01676507,6.618371405,7.99E-06,17.72820823,191.4601915,1.008570691,1,1
29.6302659,987.4787669,76.41531692,16.33326708,2.67E-05,6.539598197,180.3881538,0.661221287,1,1
29.71879061,1004.243611,85.33615026,18.07190885,8.13E-05,8.731401178,451.6515493,1.039342242,1,1
29.22976062,1006.882739,72.720139,6.650778868,2.67E-05,13.54215577,418.1066447,1.360730583,1,1
26.02780852,995.3224191,76.69644013,8.331617157,1.64E-05,11.75230343,474.3093668,0.823202932,1,1
28.07516249,1001.090569,74.5451841,19.57673124,9.64E-05,10.03564592,273.7618277,0.80087831,1,1
27.13936198,981.1066084,84.38257336,12.54018535,9.89E-06,10.57292928,458.7196487,0.739561891,1,1
26.57957949,994.6835828,99.42601816,8.630829073,6.89E-05,20.23239231,156.9368948,1.228216349,1,1
27.47113253,998.9691749,85.34118843,13.03662026,1.36E-05,21.70604991,194.3510292,0.68651851,1,1
26.16310057,997.7267883,87.10257447,5.248817434,5.36E-05,9.529915504,340.3277557,0.674366429,1,1
28.76375095,991.6020604,97.46919955,7.062814162,3.74E-05,7.269470425,466.1121282,1.377339353,1,1
27.03176651,999.7995214,92.68888801,13.32801217,5.53E-05,9.837045818,91.89624551,1.397215758,1,1
29.60167223,998.9930437,73.56119164,10.23814362,7.40E-05,22.9422052,449.1888909,1.279875546,1,1
28.56812658,982.5241989,66.46514856,18.47831283,6.26E-05,5.183941032,95.66219429,1.163501769,1,1
26.02024634,984.8242415,81.94935157,15.37842797,6.69E-05,9.485386189,370.4806496,0.737249088,1,1
27.30159879,1002.394742,85.98531596,17.73835116,6.75E-05,16.36617207,92.15364552,0.867715803,1,1
27.06080947,987.3196893,98.92042219,10.89646587,8.97E-05,17.62277252,407.6650866,1.002637093,1,1
28.30761554,994.7755308,67.80971951,15.83678173,3.17E-05,5.486319329,340.4625332,0.677110679,1,1
29.76183434,1008.617857,96.59457561,10.5523805,6.47E-06,23.56637125,242.6828667,1.466654819,1,1
29.85447991,1005.590284,71.77795568,10.77646593,0.000085858,11.3384401,126.271736,1.056801263,1,1
29.7446191,1000.880894,82.8024468,6.457647407,6.34E-05,24.801077,113.0378069,1.018329652,1,1
29.50949229,1002.223059,87.88062964,15.53726126,3.92E-05,10.87183689,414.21252,1.310113395,1,1
29.46828927,1007.397217,80.45369595,12.52274442,0.000080838,17.99927862,365.8850948,1.295792669,1,1
29.56002137,990.1398547,75.02331811,6.409729098,5.99E-05,5.718845476,259.5191082,1.042644635,1,1
27.14616501,997.7249978,61.22001,5.560222831,8.31E-05,12.20381283,107.1772307,1.02224326,1,1
29.07997421,986.4746308,84.91561903,6.280211975,9.91E-06,15.62709263,293.2858047,1.137429902,1,1
28.90436533,1009.275562,80.65201393,9.844347094,8.05E-05,10.41664503,247.5371393,0.578456381,1,1
26.10140297,1008.879452,93.43920482,15.43961309,4.39E-05,8.465886401,120.3966692,0.750242898,1,1
28.19690666,1001.437878,86.40789507,9.199008454,9.57E-05,19.75793833,299.4593236,1.111720746,1,1
27.67840025,987.4319297,74.23890715,16.36769166,6.37E-06,7.32145281,70.70118891,0.540728802,1,1
29.42184234,1001.109736,78.96695316,6.46751241,5.17E-05,14.46943542,127.9408415,0.933851649,1,1
27.59401894,998.4755029,85.40374603,5.679560147,4.06E-05,17.51719831,276.4113164,1.356489841,1,1
28.63477453,984.8880328,62.8227499,14.63628917,7.52E-06,16.71551163,473.1036086,1.075474178,1,1
27.5526797,999.2986466,78.33011562,13.18425184,9.44E-05,12.72205276,482.5357537,1.405350642,1,1
26.78316454,982.080839,64.03112006,5.273327385,1.40E-05,18.66013547,82.03489181,0.81897563,1,1
29.37950124,980.6981581,92.5787393,9.227821622,1.62E-05,18.93474331,333.0242811,1.377472014,1,1
28.94028418,1004.104428,71.2813829,7.661593157,7.63E-05,21.13669479,495.7273139,0.912617677,1,1
27.48807234,1003.292389,73.63214161,18.96135988,8.65E-05,13.57988055,387.8919805,1.254542874,1,1
26.41249548,1007.076587,80.2100949,17.39686199,3.54E-05,22.91046457,225.1407554,0.510837652,1,1
29.62152791,982.7386003,72.7725455,19.25092951,9.53E-05,16.46875776,334.3267455,0.948445522,1,1
27.17284309,989.8599364,86.90073824,16.28561794,0.0000802,20.79236286,91.04274637,0.994420305,1,1
26.23023504,996.4858665,77.66122005,18.31556274,3.83E-05,7.341340329,114.3462569,1.261510632,1,1
28.47287225,983.0336803,63.36427224,15.51453697,1.19E-05,21.43720119,367.8090022,0.581348781,1,1
26.33935086,1009.599187,74.97083183,10.55963221,0.000082216,23.94497155,493.7004787,1.253378185,1,1
27.50503834,982.5050215,91.08587664,13.37606375,4.53E-05,23.1270877,100.038867,0.992625104,1,1
26.04541458,994.0598193,62.25213103,6.782268744,0.000016165,17.98420604,385.7201957,1.083368765,1,1
29.84869019,991.2461174,71.42848345,18.02898692,2.62E-05,24.26445079,55.46951361,1.469878827,1,1
26.17263965,1006.734293,81.10804436,19.89447194,1.20E-05,16.07708569,486.186141,1.023097844,1,1
28.51759455,1000.872461,78.18164259,14.4133712,6.05E-05,23.02316021,70.45087115,0.78096319,1,1
29.80164594,1006.707914,78.22627011,14.30198897,3.14E-05,8.762423195,258.6642822,0.853352228,1,1
28.33462445,982.3320391,98.97579231,19.79316117,7.13E-05,15.72192733,189.2874273,1.31379502,1,1
28.73892469,984.8785082,96.43708738,17.33805864,0.000095231,19.51439017,326.0368382,0.918243036,1,1
29.73091393,1005.981917,61.8087468,5.395504618,0.000040764,21.21106662,494.2742582,0.650416891,1,1
28.37652286,991.4267257,98.79657591,17.63178385,8.46E-05,14.3738632,236.6687761,0.773407072,1,1
26.22550199,1005.941671,92.51604037,19.9957651,9.97E-05,16.10863411,396.0443368,1.44476573,1,1
29.39858956,987.4204431,78.02176541,6.937391227,9.56E-05,17.12349269,152.8892625,1.171700684,1,1
28.47251296,990.7448815,64.54230369,15.07359793,5.44E-05,20.44636783,284.0735755,1.3521815,1,1
28.20762736,996.8281391,95.06614411,11.05224299,1.77E-05,5.575653526,389.8117651,1.120309551,1,1
28.81631907,986.3889248,65.45485902,5.218169985,3.83E-05,16.79835374,226.5098203,0.937474922,1,1
29.61663478,990.447664,80.55957957,16.75479519,4.27E-05,17.441734,438.0636689,1.449520624,1,1
26.58829392,1007.797629,79.68465172,8.873665825,4.86E-05,24.60065151,271.6781423,0.82875161,1,1
28.53360342,987.2043686,63.03453312,6.933195829,1.72E-05,8.03805387,112.4722277,1.140874745,1,1
26.72752034,990.3700185,95.8715364,12.1094246,0.000068418,8.446397424,136.5300585,0.540868616,1,1
26.67574025,988.3577102,67.08041937,6.330538006,1.65E-05,14.21557536,142.8501733,0.864269861,1,1
28.01366908,1000.711845,61.57248559,16.99115598,6.47E-05,6.635180639,443.1103808,1.420872401,1,1
26.24431184,988.3063294,92.24805119,16.22389536,2.25E-05,9.186986467,216.7124463,0.984522985,1,1
28.47301909,991.0674092,78.50138865,16.21206407,8.48E-06,10.04873889,371.0073136,1.395206838,1,1
28.04670977,995.9634046,64.28688045,11.7111855,5.56E-05,9.849410073,171.1594539,0.877284163,1,1
26.08028479,989.662375,68.45792028,9.912460283,1.64E-05,22.81054561,317.1166041,1.179102319,1,1
29.15668495,994.953266,63.47681152,13.05659813,6.07E-05,19.90878948,244.2467958,0.627580303,1,1
27.13510362,990.8924689,85.83668965,13.56167457,3.88E-05,24.73030498,322.5986687,0.737226792,1,1
26.40712989,984.5857742,69.83830914,7.410220599,2.27E-05,10.70190337,128.0181179,1.396765425,1,1
26.32093498,995.7353417,76.41587308,19.73567925,1.56E-05,12.95711198,486.261695,1.365507126,1,1
29.26828828,987.7370848,66.8355035,15.0296483,9.33E-05,16.13525786,307.2257103,0.779979094,1,1
29.07797173,985.6113125,72.94716946,11.38154658,0.000053223,9.848194648,101.6765711,1.110620042,1,1
27.15452221,997.4371466,66.17450861,12.21710153,0.000055596,6.036470736,201.4719252,0.634414677,1,1
26.25349988,1009.698807,72.8941538,17.14811669,2.92E-05,18.63005444,392.102537,1.095638741,1,1
27.88630475,992.3552274,73.95473066,18.94293716,8.39E-05,24.30053821,105.9337506,1.230867475,1,1
29.75336183,985.436992,62.65985069,16.11680974,5.96E-05,21.83657554,112.8975695,1.295267312,1,1
26.80650928,984.9096783,66.57063192,17.2186208,6.82E-05,15.4613085,211.4737179,1.377200541,1,1
27.56978043,1004.497983,77.56539634,10.65416644,4.90E-05,11.02755748,386.4242211,1.00272039,1,1
26.92885078,1006.987237,75.35564885,13.15329292,9.11E-05,17.48475992,102.6041183,1.439832124,1,1
28.51083221,990.0471684,65.57088291,16.91037784,6.39E-05,15.66922184,452.2516624,1.288597211,1,1
26.60669952,989.351662,69.93956559,16.15919439,8.19E-06,16.3977937,393.1064086,1.376765637,1,1
27.36832699,1004.637719,64.42526948,17.69678438,1.71E-05,12.94574581,408.7829146,0.649917427,1,1
26.91700558,1001.667577,88.80146146,14.61721449,7.09E-05,15.85448887,163.3095765,0.845695994,1,1
26.72639087,1007.253517,83.33567179,11.01277125,4.89E-05,23.94566679,119.0081314,1.086229832,1,1
28.02355472,998.3436271,60.72440735,18.08185863,9.36E-05,16.30266367,363.4928707,1.422499381,1,1
28.82895454,984.5761713,83.05153441,14.1007257,4.53E-05,19.72888471,470.4651566,1.425568513,1,1
27.80335749,983.3971414,99.39364796,17.5834713,0.000016843,23.41683765,441.4533629,1.018838057,1,1
28.36510174,991.9700811,62.19046555,10.02795862,8.13E-05,5.09264046,200.0746273,0.898168694,1,1
28.14958241,1007.595668,73.85383977,10.20429803,7.51E-05,14.04435882,151.0721703,0.952439516,1,1
26.56342808,985.2916096,79.93471091,11.28388174,9.19E-05,12.24787798,311.2647576,1.132264288,1,1
26.05237783,999.9061212,67.12143867,19.41605476,0.000019123,13.29248247,88.40735064,1.496874252,1,1
28.00878004,997.8615505,62.6830591,16.24940706,0.000024941,22.96108579,142.3128382,0.690687721,1,1
26.14619867,994.1620084,82.59364533,5.985629591,7.87E-05,14.0657767,285.9756212,0.940762747,1,1
27.60305224,996.7892099,66.20960984,7.728921957,8.69E-05,23.92230924,217.9891923,0.770744673,1,1
28.57599817,992.2620251,61.01545423,7.342288961,7.30E-05,18.17847884,62.19319663,0.721972162,1,1
26.92429919,1000.156782,60.78842151,6.56162873,0.000080992,8.570893241,343.7357485,0.738182781,1,1
26.39776557,987.2951657,88.89067727,17.83544702,8.39E-05,12.94367059,350.6383115,0.704984295,1,1
27.17259092,1006.890075,60.52007694,6.282627963,2.47E-05,5.530644078,131.6459458,1.083041561,1,1
27.6856982,1006.780151,92.69774247,10.12726028,2.96E-05,12.59384816,315.6327241,0.768063641,1,1
28.49659563,992.2823496,82.08188723,11.54189794,3.30E-05,23.96906614,393.6226074,0.640113176,1,1
29.4738719,994.6229359,95.78208908,16.99782884,4.54E-05,5.449386166,170.9048117,1.041634215,1,1
28.53391288,987.7366306,65.57424296,17.52395355,9.85E-05,15.51380365,127.2556786,0.772307327,1,1
26.07356271,1007.428964,64.71004332,13.64774713,3.10E-05,16.08356005,343.1391748,1.329741804,1,1
26.82568509,980.3298749,65.4754252,18.50027963,8.80E-05,16.94826204,320.2325872,1.165036675,1,1
26.70148511,1007.432358,76.750821,10.74707792,5.43E-05,5.939319336,124.8275159,1.238033616,1,1
26.33119467,998.0945633,69.81396439,10.83943421,3.24E-05,12.11345433,373.5706573,0.797121716,1,1
28.26561856,994.2815121,86.54684661,19.05244609,7.46E-05,9.298807572,64.03241078,0.762264044,1,1
28.38031172,981.5427744,79.85464989,13.95264273,3.68E-05,20.41824407,97.96921391,0.575137782,1,1
28.91275502,994.8647395,87.53609586,11.52241008,2.84E-05,21.38204635,409.7371455,1.194696471,1,1
27.08858055,997.70692,74.43895588,6.3737311,9.21E-05,7.736372618,477.6068092,0.946005773,1,1
26.74053172,996.2570284,94.91783344,15.9833733,8.16E-05,18.17566733,361.524454,1.349195652,1,1
26.99867204,994.6827489,68.84837767,19.81502012,9.47E-05,5.788536227,367.5088276,1.425248317,1,1
26.72230138,997.0383569,96.6195319,5.509189679,7.13E-05,10.94698015,465.9782879,1.471058245,1,1
29.77706596,994.2264265,94.48170604,17.66824098,3.53E-05,21.57830948,66.65343562,1.096269879,1,1
26.92003535,983.6170066,63.07812807,15.44433164,3.73E-05,19.49533543,79.41035336,0.815290338,1,1
28.15796517,1003.721695,72.75010012,14.38837065,8.92E-05,17.31726376,154.8317636,0.524400782,1,1
29.4803955,980.6380823,94.98806691,12.93405701,9.42E-05,20.97566472,499.0703497,0.850711816,1,1
29.06875316,992.0579274,79.19502481,14.41258195,8.80E-05,24.68166938,395.7230362,0.917766782,1,1
27.68542801,1002.127469,69.55108583,6.657111697,3.87E-05,10.74477983,183.3386542,0.733607751,1,1
26.16837276,980.536218,99.50889559,11.41659701,0.000041511,18.59294565,148.2142495,1.449961184,1,1
29.14538006,982.6823301,76.70323103,18.18677461,9.47E-05,14.34803023,326.0351251,0.667033946,1,1
29.9646745,986.950151,97.70927097,14.74469973,0.000062735,15.25377022,153.8014153,0.676528032,1,1
26.88194484,985.5931479,91.18337894,10.25187889,1.05E-05,24.3820526,447.7036482,1.427752283,1,1
29.97963129,985.2168575,75.84968076,16.37357714,0.000071122,8.077918127,417.1249062,0.724440572,1,1
26.89527046,996.1092327,83.71759739,13.70129312,1.37E-05,22.54921725,169.5200192,0.629514921,1,1
29.55499232,1008.669545,94.48510469,17.14274112,0.000067248,16.01714741,89.14404196,0.908453213,1,1
27.49075407,987.7926135,88.93680455,12.43813603,1.27E-05,9.403664039,357.4664436,0.57613086,1,1
29.40482766,994.8543958,79.22346309,13.88611677,8.33E-05,11.95618416,355.1072687,1.065731964,1,1
27.06811308,1006.3589,91.89704086,14.87677752,8.58E-05,22.34588402,368.7633395,1.337013328,1,1
28.78988585,1000.404223,84.74445513,16.29074959,2.01E-05,22.61741518,442.3295875,0.529247283,1,1
29.303267,983.866096,73.40475417,16.15262384,2.03E-05,21.35934048,424.4603801,1.007467734,1,1
26.02554349,988.611144,84.67707674,19.71779267,6.50E-05,10.19607162,335.3025664,1.03998538,1,1
29.11938158,983.2094192,90.4411161,13.11899868,9.65E-05,11.83744332,334.6798519,1.432028106,1,1
26.41003891,1008.116855,87.51542889,6.017555887,3.36E-05,19.16344177,80.30777066,1.08217046,1,1
27.38353223,998.6274655,61.82968135,18.07305209,9.75E-05,24.37755711,387.3433243,0.63008624,1,1
29.03305278,980.7376075,60.88494206,9.854153287,5.14E-05,20.40814836,357.4829195,0.945902706,1,1
27.09450667,1009.913735,77.04725209,11.77080536,2.05E-05,20.89619098,362.1570016,0.720769613,1,1
26.32952418,1000.414979,86.18044857,9.098892905,0.000095332,8.021157836,244.5506605,1.44361592,1,1
27.67890927,999.1557784,75.90377592,9.113228035,9.85E-05,13.18668013,452.3446417,0.729954606,1,1
26.85241882,980.9340225,86.06667302,10.52789516,0.000087114,14.46419813,485.6870426,0.685525516,1,1
29.47449267,1003.297906,90.83687379,17.67174842,7.73E-05,17.52440643,109.060195,0.53252618,1,1
29.68339139,998.4995094,91.86149164,12.22283527,1.61E-05,7.503715844,358.5043793,0.930305895,1,1
26.80209891,994.7478364,62.56835748,13.72957103,3.06E-05,20.95118201,189.6628815,0.955220149,1,1
26.04648216,982.1734066,75.69974226,12.19908252,0.000062002,10.83325157,362.7418488,1.360122397,1,1
29.11940396,981.1885648,79.22027789,6.573952676,2.80E-05,24.73325187,114.1229943,0.998888154,1,1
28.47262294,1001.073949,82.38594734,5.146562711,3.60E-05,15.35423287,89.53992462,0.850626931,1,1
26.13281244,982.3573549,75.87693105,6.990736311,5.89E-05,18.78929938,410.2640146,0.700150244,1,1
26.66993033,983.1370352,85.45720998,15.5971359,8.00E-06,23.72424492,73.38707764,1.041296335,1,1
28.83624208,1006.129074,88.56347729,17.02592125,3.72E-05,21.29650227,86.05168087,1.394816656,1,1
28.1903695,1004.518933,78.09273138,14.65366543,5.50E-05,19.63179044,86.73349191,0.560352084,1,1
26.98841294,984.7863404,94.87134266,8.28820981,9.77E-05,11.73791584,131.9530621,1.289698507,1,1
28.6348311,994.9458715,82.21454204,15.78802667,2.67E-05,24.92667832,488.656923,1.150325686,1,1
26.7981698,1000.406847,62.88793636,5.459787533,2.95E-05,14.25245913,440.7226274,1.22716907,1,1
28.97082608,992.7648,73.8373997,10.56558144,9.88E-05,5.802183828,440.1641733,1.078675409,1,1
27.75446168,1001.75773,79.46675766,18.10134857,9.06E-05,13.43441854,174.5725088,1.092350329,1,1
29.64945338,986.3198657,84.91866334,14.4734033,7.46E-05,7.631353703,372.1212341,1.409032521,1,1
26.71873244,987.1262997,98.85580376,7.714654291,8.62E-05,14.84555713,161.2539835,1.370749901,1,1
27.78122102,995.4445206,74.36933478,13.89426277,2.05E-05,12.82163073,486.2355451,0.758133433,1,1
28.62694666,989.7557019,90.93892503,6.963104911,0.000097133,14.07579083,156.2227085,0.573496747,1,1
26.67903162,995.5932185,73.48012706,17.43325049,4.59E-05,9.974285452,327.715244,1.206777217,1,1
26.66816763,985.0285765,61.46685708,16.04603023,6.81E-05,14.49261752,429.876702,1.305670153,1,1
28.34141746,1006.048138,68.2336484,6.678794291,3.06E-05,6.141737122,289.0262876,1.436605692,1,1
26.15737416,983.6632974,78.08796113,19.00812526,3.50E-05,15.14469617,68.70778657,0.648343201,1,1
29.94652049,1008.953561,60.19759924,19.27717678,6.57E-05,22.35836589,254.632935,1.015596029,1,1
27.95538632,1000.005928,65.58605019,5.449603848,3.43E-05,19.09361525,140.8340535,1.173432433,1,1
29.87964818,982.8170215,86.90408473,11.65625329,8.75E-05,8.542995789,361.6816785,1.33811529,1,1
29.77845688,1000.497441,79.88699056,14.2677086,0.000087546,16.41219493,63.67417686,1.430948696,1,1
28.758107,1000.295402,68.6270061,14.88328205,4.24E-05,18.02465954,97.96686364,1.157845305,1,1
29.9976549,981.4463612,99.08696737,11.10361941,8.77E-05,20.64770968,305.1573174,1.238449209,1,1
29.51406225,992.1242096,73.08132646,15.01390078,8.17E-05,20.2457027,409.016142,0.935583315,1,1
29.27133686,983.6062717,81.77956392,5.086379908,3.58E-05,12.3292307,228.2777112,1.195467207,1,1
27.55423241,993.4608087,69.50176524,10.59877687,2.66E-05,6.463918475,321.551867,1.168212799,1,1
28.47796138,993.9048213,75.19143121,17.95000474,5.43E-05,14.58363755,61.53892961,0.841247828,1,1
27.52078248,991.9646834,83.20689477,13.0040382,0.000062751,20.29766523,415.8435824,1.218123076,1,1
29.82209478,980.5469775,67.83111943,5.113443125,6.65E-05,22.96061098,159.5670335,1.427034545,1,1
26.24106956,1008.033081,74.06490749,6.521312427,5.12E-05,10.13553135,178.1928059,0.807289965,1,1
29.21210359,996.1748383,72.45230797,14.15500675,7.30E-05,10.45248001,236.0970957,0.621886093,1,1
26.7245974,1000.433536,67.25753391,12.87745076,7.24E-05,7.137538462,305.2904988,0.756562784,1,1
29.8517075,994.5063694,92.23970199,13.25339813,9.12E-06,17.66302751,478.131504,1.10161182,1,1
29.27675544,1006.526194,69.12319088,8.180672599,6.30E-05,13.2205694,427.9375863,1.400023123,1,1
27.41368552,987.1061168,91.22102061,9.122090533,8.31E-05,13.47476507,350.3974547,0.595535314,1,1
28.4954373,993.5530304,83.46433853,7.520213116,0.000075003,22.25594155,147.53291,0.595714556,1,1
26.09455434,999.259145,84.28376144,13.20046119,0.000027035,12.81811992,317.5143508,0.996766859,1,1
29.95114208,984.0931926,87.80578216,11.06478152,0.000045679,19.35195531,361.5962681,1.491255994,1,1
26.51357716,983.1232895,88.97355269,13.67580376,3.10E-05,6.58838738,88.54621232,1.394190875,1,1
26.7674693,989.7011469,69.06625609,10.32494459,1.16E-05,15.38119582,80.42565362,1.300356508,1,1
26.93484833,996.2003574,95.2031635,14.76316054,0.000055631,11.48667506,199.8508609,1.169486955,1,1
29.97655744,999.8551757,82.31133669,15.95975765,4.92E-05,6.202846852,303.0335671,1.457625285,1,1
26.70121177,1000.700147,68.03734755,13.03741527,1.42E-05,14.00741873,390.273498,0.847571524,1,1
28.6596469,1003.863499,97.08711278,8.519631228,0.000042935,8.048320267,496.617576,1.427000968,1,1
28.15982852,1005.260999,80.83831909,14.35378532,1.35E-05,20.10540841,107.4710676,1.32606763,1,1
29.12811235,1001.262341,61.44641522,9.546925339,3.00E-05,12.20272815,89.43923604,1.436957823,1,1
28.21520896,989.1657293,75.87926068,11.70803811,6.21E-05,15.31358855,463.7263879,0.996963483,1,1
29.96863206,1005.542749,68.34042057,18.95892822,1.61E-05,21.34899417,221.2804821,1.37797432,1,1
29.47222676,1004.177762,91.60121745,9.570187087,1.27E-05,13.05960358,128.0860317,1.194951089,1,1
27.38439891,1009.268306,85.63888309,17.33720845,1.76E-05,22.24028965,465.2407357,0.987061919,1,1
28.42501175,1002.944294,66.99354509,12.53849115,0.000042873,7.927479843,215.39049,0.568172309,1,1
26.10324763,984.0549887,98.52460446,13.24294304,9.68E-05,13.64995757,190.3172599,1.006141863,1,1
27.75804675,983.1699405,85.63305259,8.240572738,6.39E-05,18.00402185,118.4111839,0.561349627,1,1
29.12304634,993.7940127,62.32655182,19.92299476,1.05E-05,18.90070458,492.6555164,0.739180104,1,1
26.56899747,983.6415482,72.1310059,6.515687165,7.08E-05,6.245835963,279.2399577,1.496696854,1,1
29.25588108,998.4565831,72.25014483,14.35843754,5.51E-05,13.52166768,108.8196695,1.386604215,1,1
27.7991386,985.8386754,74.71037404,11.21194629,8.36E-05,19.67228761,396.1872021,0.511031264,1,1
27.66461599,994.4403245,60.76769107,8.897198131,7.72E-05,7.742194115,290.8895592,0.715201872,1,1
26.0484831,987.2360437,99.0349502,17.02305668,9.62E-05,14.75708088,99.3812894,1.047959489,1,1
27.81750934,1005.330712,63.92330323,12.32361706,1.93E-05,11.49351854,381.8106848,0.976018129,1,1
27.50355314,991.8342884,78.37787074,16.77524816,0.000089748,24.10669373,404.1065238,0.815406896,1,1
28.75253882,993.1280937,70.18682488,17.61307369,8.65E-06,23.03523984,257.6648591,1.137201477,1,1
28.63741569,1006.853532,85.46678729,14.20900377,1.13E-05,15.36816044,117.5760504,1.237433769,1,1
28.04888768,1000.406833,61.66691602,6.271880241,7.31E-05,6.44168672,82.06552749,0.512108475,1,1
29.82600559,1002.125251,74.13005634,9.448033719,3.82E-05,20.49307062,347.616775,0.685195568,1,1
26.69643734,982.9518695,86.41210879,16.46558993,3.02E-05,5.418899221,86.97725036,1.467860035,1,1
27.18177911,1003.076694,84.98654275,10.72909459,2.45E-05,7.427728363,326.7558356,1.274633781,1,1
28.57561701,995.909064,61.67804894,19.52733166,8.09E-05,10.85644073,490.9866482,1.10188159,1,1
28.32969063,1002.442195,92.47079152,14.84717911,1.72E-05,11.76535012,467.6376381,0.724615612,1,1
27.4886681,992.9623065,77.57619959,14.19409374,9.46E-05,9.813854237,104.6756193,0.69747049,1,1
29.5476996,999.3743244,71.43627157,17.23920408,8.68E-05,21.93028677,463.5169401,0.75224102,1,1
29.02016772,993.8161849,93.67994212,15.92736016,7.88E-05,18.12323675,129.8429463,1.045026919,1,1
29.93867896,1008.121642,61.72694943,7.472222236,1.75E-05,19.5195982,418.0033984,0.713511366,1,1
28.02341077,1005.221091,89.31206179,13.13355808,0.000061083,15.16721094,183.8968031,1.065021993,1,1
28.75554121,1006.199687,85.45165416,16.41682306,2.02E-05,14.23114949,54.19922892,0.746678865,1,1
28.90584686,1009.754299,63.96712398,11.02241474,8.10E-05,9.080712693,299.7882272,1.233071296,1,1
28.4639418,985.640742,74.21538275,16.75687677,5.77E-05,5.104592271,392.445842,0.535311355,1,1
28.98293513,986.0744168,98.3229392,10.51911127,3.61E-05,7.977761007,187.521897,1.376650762,1,1
29.98533735,991.0492859,77.94442524,15.83106407,8.92E-05,16.86088668,226.1865642,0.912621841,1,1
28.78247259,980.0965479,84.7835735,10.33239516,8.04E-05,6.859812797,314.6910201,0.98097289,1,1
28.5693021,981.9456078,83.1993515,13.42226882,5.83E-05,17.06975333,354.4105718,1.304989,1,1
27.07928288,1004.751482,79.93022729,6.155874187,1.06E-05,11.68476637,403.2036397,1.207680935,1,1
29.15445986,995.5180717,77.60795992,7.211787901,3.62E-05,13.68038732,89.87019336,0.720611953,1,1
28.39290118,1002.069893,99.93390046,18.99669997,6.60E-05,13.42496107,336.2798141,1.285651618,1,1
26.47334476,992.2971467,93.59209143,10.75749428,5.93E-05,16.75538722,133.0143139,0.862235442,1,1
27.33804516,980.7859013,60.96767056,17.47545566,3.09E-05,15.36157532,184.4265081,1.440679245,1,1
27.03718704,992.8897044,94.90921002,17.6290035,2.27E-05,21.0528662,256.184099,0.982968872,1,1
26.53391989,982.4180454,89.11757228,12.44691729,4.65E-05,19.59016457,394.4808045,0.658908168,1,1
28.4409006,984.0606225,90.05500344,14.85432734,9.59E-05,6.379160327,75.67462452,0.782187075,1,1
27.04682273,987.409364,96.25018322,8.743192998,3.08E-05,20.18796525,252.3829291,1.276710557,1,1
26.26146463,994.6271358,61.34454401,5.939798052,9.11E-05,7.784907422,289.589307,0.911095603,1,1
27.38937331,1006.995,60.87293587,14.95684529,9.65E-05,16.20336367,471.5701079,0.552257879,1,1
27.67517328,987.8047337,89.2328386,19.71945636,2.94E-05,18.08349203,139.1439347,1.065330255,1,1
27.85572995,1009.16016,84.34109091,10.24259558,1.58E-05,8.024936575,151.3926185,0.750966661,1,1
29.40246423,996.8366836,80.93563646,6.721533078,8.67E-05,19.45628606,80.45076286,1.207835097,1,1
28.17415287,982.4517604,78.33202566,12.27044431,2.07E-05,23.91396294,432.4889172,1.169022337,1,1
27.84918224,992.3529662,86.03893869,13.18147804,1.09E-05,15.25005298,412.8816278,0.959239878,1,1
26.20782631,1003.588346,68.05455129,8.879312523,2.06E-05,11.6043013,390.5381776,1.01938586,1,1
26.8195251,1006.334902,95.1832742,18.05867638,2.77E-05,14.02478688,493.2453453,1.272012476,1,1
26.10866968,981.9561377,78.55725507,18.63830309,5.62E-05,14.95625016,97.46316498,1.156780105,1,1
29.28841264,991.4126002,91.02447404,19.46714981,2.44E-05,15.46659262,179.2120811,1.292854419,1,1
28.31037346,999.0374725,91.91656638,10.93955709,9.19E-05,15.66057734,121.0796703,1.195899118,1,1
29.1730454,989.5028503,94.28717028,18.59214882,3.13E-05,24.67042945,113.3201876,0.702015668,1,1
26.73689936,1006.819691,86.17170209,7.281564248,4.68E-05,17.3059605,87.55883825,1.382416368,1,1
29.21441414,995.1562032,98.68506461,11.26641469,9.85E-05,18.35839998,335.602073,0.665954895,1,1
29.52771103,992.8246906,66.48933623,5.1891128,5.82E-05,15.54799244,373.7091301,1.390258053,1,1
26.31762634,1001.944895,67.49647776,17.8726558,0.000082811,15.8158751,369.6092594,0.814350113,1,1
27.8846716,1004.649107,78.37060789,10.36697398,5.20E-05,21.56498505,200.8436213,0.673761593,1,1
28.84805608,1004.779346,64.02549914,8.598111691,1.85E-05,11.95882823,252.6579405,1.248826337,1,1
28.60459034,998.627857,74.09499786,17.6217133,4.98E-05,24.58209876,335.3639622,0.626264742,1,1
28.70471025,989.7531205,87.45308787,6.044617222,2.16E-05,22.11474518,152.2308007,1.337041125,1,1
27.11710435,999.2864573,87.76602294,12.6898213,3.40E-05,9.252887527,64.93520955,0.803946401,1,1
28.61265116,1008.149145,94.84817929,16.49097165,7.99E-05,18.29969807,167.1290859,1.407195031,1,1
28.68292925,996.8132189,64.43957877,11.70583316,0.000048734,22.29127219,295.9916991,0.880400549,1,1
29.90720131,983.3216178,76.90193713,5.630370128,7.53E-05,23.36153104,176.0167983,1.358341677,1,1
27.16887292,1007.323105,90.15847614,17.07360165,6.71E-06,24.25620714,377.0019464,0.804751095,1,1
29.31757866,988.445636,94.91015358,6.688705856,7.19E-05,15.81396953,93.44051159,0.741893828,1,1
26.04961615,994.063039,72.05061043,13.97536226,3.32E-05,10.99838223,384.4369394,0.548142836,1,1
29.61157998,1005.567916,86.71218733,13.89832355,8.98E-05,8.706603591,85.53612299,0.73951017,1,1
29.17831311,981.040108,83.3122734,19.93156274,8.63E-05,15.42891378,78.63840918,1.331373514,1,1
28.39591403,983.4479899,63.75429139,18.64440229,0.000068574,21.58573599,445.5405051,1.071772352,1,1
28.06978541,992.9128223,72.67786351,11.51893941,7.85E-05,17.03846862,451.6354805,0.943380014,1,1
28.42835831,998.9392266,83.66788649,15.5395066,2.76E-05,15.24727555,96.90116126,0.884511328,1,1
27.95066827,999.5667278,98.0212421,14.009766,7.56E-05,15.12532119,335.3468141,0.570932216,1,1
27.01756632,990.8555928,78.8997342,5.684731183,1.83E-05,10.53628616,487.1897109,0.831347007,1,1
27.92816423,985.8829314,84.43120284,9.210248233,2.47E-05,15.33145257,52.47760962,0.507664033,1,1
26.87627524,981.1016409,64.32103017,10.08290974,8.12E-05,16.44097287,280.7004767,0.793488823,1,1
29.72701488,991.9104512,63.48371067,14.25599774,1.58E-05,11.90446286,278.3353724,1.374222525,1,1
27.97418632,1001.067763,99.71267356,6.972336799,3.11E-05,12.89152151,239.8226803,0.911021075,1,1
29.63044401,1001.420979,84.31620856,9.640590768,8.33E-05,24.10121023,419.5392271,0.501565105,1,1
28.54560548,981.5340614,70.30428881,5.892870505,6.24E-05,18.73179827,101.5194371,0.883838883,1,1
27.82494604,991.0715907,64.84100002,11.28421685,7.64E-05,6.420153291,86.08100634,0.854771292,1,1
29.76690285,1000.057179,87.14679827,10.42879986,6.14E-05,5.202623681,336.2432209,1.413286948,1,1
28.45029387,1006.210958,88.95892222,6.808376246,9.07E-05,6.328876887,290.2853626,0.642137124,1,1
26.04682644,992.6610278,71.80162831,12.29000741,0.000059834,5.874781446,105.3514828,1.058642397,1,1
27.37266941,1001.875205,86.09166594,17.68406544,7.08E-05,13.59862155,352.8349801,0.775381174,1,1
27.225254,1003.669555,77.85678066,16.97570511,8.31E-05,22.15124675,462.4858561,0.930985221,1,1
27.27546727,997.4659624,74.84689694,14.0161125,7.20E-05,18.76810037,218.5487992,0.666860202,1,1
27.72211735,984.2778243,95.60388141,10.18816191,1.97E-05,5.508955198,340.6200738,1.136902318,1,1
27.36241667,982.1513567,76.3851558,9.668262426,6.93E-05,17.11558499,214.0671777,0.717892554,1,1
29.95214386,993.6200486,87.53096943,7.108294514,0.000051131,5.550734397,277.4548031,1.464017407,1,1
27.53682685,981.1698804,61.23823164,10.8198014,2.02E-05,5.467041927,390.2961263,0.958523009,1,1
27.15697909,1007.002495,64.64555841,19.33878243,3.48E-05,22.76807345,321.3242944,1.32670736,1,1
29.93605265,988.6521631,98.44541942,10.84222842,4.16E-05,11.80774209,293.6334233,0.654145043,1,1
28.21484594,996.2511444,90.4760725,17.50474943,4.68E-05,11.04666499,166.7007038,0.694623837,1,1
26.23059033,990.2734394,70.80990769,19.49626079,5.80E-05,11.94554078,311.2104204,0.639196701,1,1
27.776175,998.7870296,79.55591327,11.02668201,9.94E-05,22.60629524,330.5326812,1.069377361,1,1
28.48264192,986.0393632,75.80550973,5.591892993,5.02E-05,15.86049168,152.4873812,1.464028847,1,1
29.63781844,1001.664297,81.33546515,18.04953739,0.000017412,20.81019589,106.1693663,1.294210663,1,1
27.10307027,1006.312717,97.76168375,7.231939541,4.90E-05,24.61974756,267.5333462,1.363547523,1,1
28.35492609,991.2598972,71.43134222,8.048346366,7.74E-05,12.73081014,280.073958,0.99232548,1,1
28.30911612,1005.967314,99.22957374,11.11376313,8.36E-05,20.29055589,308.0880282,1.456047144,1,1
26.80189806,983.2779263,94.15847868,11.58724725,0.000085462,22.8618041,78.10591713,1.383464763,1,1
27.79327622,995.3129747,85.06370044,18.8957391,0.000006816,14.53686937,359.4749191,1.222706958,1,1
28.77012973,984.0330539,71.97582353,10.38073288,8.14E-05,10.57519745,144.8172337,1.457448019,1,1
26.03545314,1009.934626,87.07285195,17.42703949,3.30E-05,5.286305553,382.0412834,1.334144597,1,1
28.96190453,984.2855086,90.13711689,16.53384173,6.76E-05,20.32231866,430.6646479,1.113604114,1,1
26.35441886,994.6288343,63.10597339,11.11314547,4.37E-05,6.320196883,206.9692403,0.610998099,1,1
29.23294084,1008.430641,62.89265901,19.32672811,5.46E-05,10.99131356,84.58793387,1.000624268,1,1
29.17806218,1001.212594,62.00904046,6.093527531,0.000043273,10.90580988,154.5729454,0.781004499,1,1
29.21393097,1007.876842,76.20410778,18.59166503,3.55E-05,14.52873973,151.713049,1.140476042,1,1
29.91592446,998.1047929,74.31256336,14.71726169,1.67E-05,22.77318161,276.3877779,0.949349742,1,1
28.34345915,998.7435159,62.87103225,15.23925832,2.80E-05,19.27905265,420.1406575,1.303958508,1,1
28.21000387,995.6050968,65.71503845,16.63019226,3.08E-05,14.93390846,177.9233418,0.633828363,1,1
28.51823079,981.629961,89.94580937,9.763801929,5.01E-06,15.22258278,71.08335884,0.776169558,1,1
28.82790595,981.8806886,93.57353969,5.05729884,2.84E-05,19.81808112,192.3215674,0.601892388,1,1
27.44093568,988.1117986,93.70847609,9.700218764,7.99E-05,22.8374429,245.2178388,1.409943144,1,1
27.50927222,1008.922352,63.57158098,15.305289,5.19E-05,12.75297611,334.7203454,1.203857092,1,1
26.01745308,985.0085927,88.52184203,14.9957812,9.68E-05,20.22075581,477.8477185,1.202540502,1,1
27.19220883,983.1609477,91.27295453,14.66223832,9.58E-06,12.20100932,480.559917,1.000401146,1,1
27.73091654,993.7309882,68.35530896,10.53060756,4.01E-05,6.047100404,395.4054328,0.916504432,1,1
29.28871955,1005.51044,68.47976219,14.86030223,4.99E-05,22.60313476,147.0833056,1.1778132,1,1
28.43100849,988.8590443,65.46403615,14.77459641,7.52E-05,11.31254688,340.1746718,0.895130908,1,1
28.85282753,985.9764582,95.60860011,9.311143947,3.99E-05,6.161839042,100.1804955,1.015861903,1,1
27.07037071,1005.064407,60.58773555,10.68641073,3.70E-05,5.386552618,105.9657796,0.913642675,1,1
27.97145834,992.1286924,81.23750714,13.92697512,5.94E-06,14.28190319,483.5746584,1.01903228,1,1
28.71016907,989.3559157,90.95965513,16.59382223,5.45E-05,24.52027647,106.4975966,0.516947665,1,1
29.08063285,1004.214666,64.80828916,8.983742494,6.67E-06,10.86617222,397.9138433,1.017960528,1,1
27.39238237,991.1521788,60.05414503,9.497007914,6.64E-05,24.48388888,431.1773721,0.523594965,1,1
29.59424242,1003.495952,91.21504494,11.86993639,4.28E-05,11.05831458,79.56268653,0.728235364,1,1
26.98641454,994.5223121,89.89777626,12.10714743,1.05E-05,24.15579602,474.2259436,1.285189543,1,1
29.96531161,996.33447,98.51073401,6.134075609,3.97E-05,9.50762536,138.1248879,0.640802949,1,1
28.48965457,1003.439656,83.13193598,7.204440644,8.21E-05,17.71909414,224.6745678,1.174130296,1,1
27.03961992,990.3557663,96.69943373,9.357567585,4.96E-05,22.80282275,368.4746076,0.562203226,1,1
26.58921218,980.2352477,85.23687161,11.71510138,1.78E-05,24.15868242,288.3468758,0.741893294,1,1
28.00241428,1000.38861,63.04956872,9.120557226,8.17E-05,14.19329741,295.9597139,0.932816002,1,1
26.17559977,984.9724934,77.82166555,8.137781981,0.000009748,21.87299328,491.5366381,1.293142874,1,1
29.41513969,987.2593139,98.42507902,7.953885567,9.54E-05,24.89638588,370.2752626,1.481143732,1,1
28.27815912,987.7862535,77.47983543,13.90341403,1.19E-05,17.44686529,491.5300265,0.69010765,1,1
29.17038047,1007.236964,97.74806371,19.40203407,5.45E-05,24.54615816,390.7895932,0.661671436,1,1
27.90760043,1001.549935,69.89361263,14.60922775,0.000068327,8.253994876,304.2883906,1.271626911,1,1
27.99558266,980.3630935,60.36153876,10.35544016,9.30E-05,9.573535592,335.46366,0.722075871,1,1
27.28667996,1005.441263,89.15445769,6.43098916,4.57E-05,5.583395273,266.400566,1.162434012,1,1
26.47401049,988.6665482,75.91346502,18.79296537,9.94E-05,5.89822598,392.4535656,0.871724066,1,1
27.56983274,1002.627949,96.73705729,19.26392892,5.98E-05,12.14242319,404.3970886,0.751001383,1,1
28.25629612,990.7573538,86.26524295,8.605983693,2.32E-05,23.36478173,95.81165733,1.005957908,1,1
26.88341113,981.1678989,61.44075273,7.628326582,8.73E-05,10.64957488,477.7066268,1.081622293,1,1
27.74645676,997.402665,80.66793541,16.38164381,3.18E-05,12.06100783,452.3424361,1.446456513,1,1
29.57023291,992.5834398,91.21462012,12.145036,5.23E-05,9.093602181,316.0086365,0.686135898,1,1
27.3262588,1005.650906,68.28303237,6.067374278,1.16E-05,23.81569041,278.1141971,0.909412072,1,1
29.24351432,1005.074778,73.28764132,15.40427086,7.83E-05,18.09301374,118.2177837,1.375883084,1,1
28.15637821,988.4741728,77.00912742,5.563566356,1.71E-05,20.31093501,50.00523564,0.916565829,1,1
28.09004072,981.6390326,98.92312652,8.391879969,3.39E-05,11.07885025,153.687498,0.501473822,1,1
28.91737918,1009.005365,68.97173933,14.94570788,7.55E-05,21.96850758,240.1831387,0.802930906,1,1
27.30118054,1001.37864,92.67117866,7.724209516,4.02E-05,23.03880394,413.0120839,1.484858403,1,1
29.01699304,991.795856,83.62551336,14.91521381,1.25E-05,15.88993918,369.1943728,0.667321304,1,1
29.12252687,997.5131834,98.08887143,5.636334473,0.000030206,17.03107759,183.4519605,1.214424164,1,1
29.03602113,983.0754789,80.55417857,12.63335833,4.01E-05,23.65849725,422.3778439,1.197209382,1,1
28.85730654,993.8514843,96.83978084,15.41893141,7.43E-05,22.23381808,173.3322152,1.307070904,1,1
26.78096241,990.3602586,73.42441817,19.67788203,0.000086371,19.02339723,377.1755427,1.062072794,1,1
29.78836267,994.8877626,75.22070839,7.445530054,7.97E-05,19.68887864,222.9597673,0.525193414,1,1
29.35598931,980.3425395,88.14799119,19.55385665,4.66E-05,9.6994681,367.1919545,1.317128142,1,1
28.18572126,1009.011058,62.06674887,12.57193397,7.33E-05,22.25280942,130.6650254,1.300003482,1,1
28.2108283,991.8966105,65.26860114,17.97943638,0.000019941,11.19575718,180.5204894,1.371414034,1,1
28.69081198,1003.900442,70.01871595,14.37311149,5.93E-05,21.65660754,457.7391772,0.512156772,1,1
28.69607968,981.555074,81.9543466,9.314490936,3.41E-05,12.05917007,329.5816021,0.834049966,1,1
28.9307962,992.1358216,62.73412801,16.75639764,0.000032147,13.65533759,358.4497474,0.832456157,1,1
26.22634262,991.2176314,97.77794331,14.62601596,6.88E-05,17.64564307,139.5464625,0.918333864,1,1
29.00375919,983.0411869,71.11411104,9.144786627,4.60E-05,24.60737482,80.37614601,1.018700994,1,1
26.71745873,1009.120296,64.53214019,11.05401504,7.51E-05,19.09108856,240.2278866,0.846524168,1,1
27.59044951,987.9282879,68.21331755,12.24559546,3.05E-05,10.7492333,345.5402286,1.468537332,1,1
28.4145488,982.309384,63.02334455,19.27134831,3.32E-05,6.841339722,319.5700642,1.123648778,1,1
28.59401928,988.0220608,60.60442737,19.47523054,2.88E-05,18.52052576,367.9834414,1.110007417,1,1
27.25162958,988.1328876,83.90673131,17.9914345,9.49E-05,7.118116088,119.6728757,1.444736259,1,1
28.94614091,1006.489815,68.10530537,13.81378807,7.16E-05,18.60223771,233.6682609,0.515394892,1,1
28.33170423,987.5930462,78.01016985,19.36371523,4.29E-05,21.79603213,134.8432726,1.172460498,1,1
29.90802782,983.056793,60.33279769,11.50374189,1.38E-05,19.96768699,461.5468987,0.934020973,1,1
27.03484657,993.0320996,88.93791271,5.135812424,6.10E-05,17.2658337,336.9597111,0.74202208,1,1
28.85621089,982.7417446,67.97081346,18.1620507,7.52E-05,5.27491108,161.7693172,0.714406483,1,1
27.08322531,987.4267931,62.50105183,11.88410775,7.46E-05,17.13463449,352.7922509,0.581149179,1,1
29.80596284,1005.154755,92.20361274,17.34475708,9.36E-05,15.88507932,140.126908,1.116783608,1,1
28.97152597,1002.137522,80.85796097,6.02688079,4.03E-05,23.41533217,313.0020094,1.038331943,1,1
27.07541406,991.0534676,95.81384357,14.99694571,7.98E-05,14.08690846,333.6112488,0.748383609,1,1
28.82184332,992.82804,77.70182059,14.73983487,9.39E-05,6.280126932,421.1344568,0.79238311,1,1
27.77567782,980.6573999,72.04184311,12.53946864,1.03E-05,14.82191459,467.199783,0.605393218,1,1
29.05776291,992.2901316,86.20694858,8.90354897,2.02E-05,8.209252285,81.72137554,0.685646705,1,1
28.65687754,1006.450718,92.56502742,15.27701465,0.000015491,10.78374893,189.4130939,0.749956946,1,1
28.06002264,996.0666144,74.27543901,10.30683738,8.37E-05,20.78585697,188.5081243,1.413788444,1,1
29.81126007,989.8022763,74.17699795,12.5845123,9.44E-05,22.52638866,96.15558316,0.892730743,1,1
28.21348476,995.0939742,67.75452272,17.88225157,6.93E-05,21.7581675,436.4439257,1.248355854,1,1
27.75684241,998.3164027,66.41461624,15.10468126,2.20E-05,18.87899181,153.3191723,0.6175513,1,1
26.66113796,980.0597641,88.74958471,15.98601574,5.39E-05,8.227256021,87.59945188,0.519128966,1,1
26.66299271,1006.725666,69.66147367,10.31406991,1.50E-05,9.447226095,283.6510569,1.107752683,1,1
26.98140926,981.7319648,75.64131477,8.513050564,2.59E-05,24.19725605,327.3352187,1.056878443,1,1
27.66310041,992.86833,81.63620015,15.44644711,7.17E-05,8.433878154,275.0507384,0.911958095,1,1
29.48210787,998.9425676,81.30016266,6.730919633,6.25E-05,7.344078114,201.742959,0.642841965,1,1
28.76829459,986.1875634,75.67437493,18.43512166,2.44E-05,15.15610128,238.6722475,0.518124041,1,1
29.17103245,982.0713772,78.97020084,13.41017442,6.47E-05,18.77263259,163.9725726,0.509978777,1,1
28.89377465,996.069698,93.44470813,17.32082544,0.000085116,14.7018932,200.1327781,1.291558203,1,1
27.80517645,985.5032659,94.19896078,18.23839815,4.93E-05,6.513994546,224.5217405,1.30353766,1,1
29.60709611,986.1041823,62.67894448,18.1602568,4.20E-05,15.83521929,485.6296154,0.566564728,1,1
28.59327203,982.2231627,75.01875714,17.05721818,4.62E-05,24.94364708,301.5766782,0.821162153,1,1
26.8804453,990.515616,74.90133095,6.030705166,4.01E-05,14.28477039,375.2319885,1.156729485,1,1
28.83506262,980.2509105,68.70669598,14.92526433,0.000050979,5.106269513,412.0225891,1.272809573,1,1
28.19367665,981.9938998,90.66060198,13.75570382,7.93E-05,20.03493985,411.3509324,1.018008066,1,1
26.56129807,1000.134724,84.8189514,16.13379781,2.11E-05,8.899503998,450.6842827,1.249977799,1,1
29.63291395,1002.76146,83.88621224,14.81199106,8.95E-05,16.57613509,334.5760959,0.656476716,1,1
27.89568488,1001.491913,70.83770793,8.033812708,3.48E-05,9.83001256,146.7106867,0.924850843,1,1
29.63135406,995.2117894,67.51681523,6.154575041,7.11E-05,12.65597529,419.823926,1.159510769,1,1
29.1849658,988.1583812,87.6943569,8.96092977,9.42E-05,17.72748563,196.0303101,0.769511862,1,1
26.76370634,1000.839229,68.74862452,13.92954899,3.01E-05,18.2393789,416.7228778,1.278025243,1,1
29.04340532,985.6316722,63.53539788,15.48423243,0.000039993,13.64692453,64.01709176,0.759576449,1,1
26.13470562,1006.375573,69.73586733,13.36005754,0.000008703,18.33694783,195.3623056,1.397919187,1,1
29.55247276,989.7587186,96.03843583,19.9423651,8.34E-05,21.89742696,162.0539312,1.076702399,1,1
26.26902366,982.8475381,99.95570448,9.899588741,7.61E-05,21.13330106,436.110472,1.497628297,1,1
26.96598594,981.2105248,76.44766072,6.951210047,7.13E-06,12.20853654,402.682213,1.066180691,1,1
27.25111196,999.6302602,69.28072721,5.215721691,7.76E-05,17.4748617,393.036181,0.538938017,1,1
29.34847851,998.585786,82.53581403,14.36921072,8.71E-05,16.73873013,311.4276709,1.490679157,1,1
29.02692067,993.2688142,88.29588,10.83845708,2.67E-05,16.93703754,467.6819442,1.42913952,1,1
27.36762111,995.830324,68.46543594,19.93446664,9.82E-05,17.99017859,411.9863269,1.215100161,1,1
28.37263288,981.6004399,78.1905737,15.12179453,6.94E-05,12.46245237,473.761394,0.667357032,1,1
28.00143778,1000.726519,87.88543224,14.72958435,3.12E-05,8.124131374,336.1731471,1.099302116,1,1
26.71742404,1001.154174,78.20687967,15.01640887,8.45E-05,8.394568572,58.6151906,1.279102586,1,1
28.4387897,1000.989187,93.526199,17.04216402,9.63E-05,15.71870158,269.8230347,0.9018872,1,1
26.61476417,997.178217,71.08050097,18.81961268,6.04E-05,16.85680361,209.7160974,0.551989352,1,1
26.12697506,992.7000543,63.38261512,14.10270433,8.87E-05,22.65829633,346.5704346,0.711231832,1,1
29.45198733,1006.582803,67.8661434,16.06139129,3.22E-05,21.05280625,498.757055,0.530026005,1,1
29.58946346,998.678916,98.93530477,11.97514276,8.55E-05,6.247881372,200.8755725,0.567016538,1,1
29.90137253,1004.509217,94.10189685,19.06947847,1.31E-05,12.71195185,81.96570007,0.710793102,1,1
26.91746311,994.0732163,70.7424867,6.514671602,2.09E-05,7.945511271,487.8845591,1.259292507,1,1
29.87104586,993.1922146,71.13473927,16.97439796,3.60E-05,10.98766747,154.6276965,0.629678978,1,1
27.02585224,990.6595925,86.95976833,5.938472633,2.50E-05,21.18047281,116.1148656,0.842645147,1,1
29.45863569,984.6477593,63.30947342,12.26806993,3.37E-05,16.26816729,411.7122007,0.637148488,1,1
28.32279634,995.1652628,65.76315144,14.35997728,3.10E-05,14.75668637,87.02254592,0.959584057,1,1
27.22585387,1004.671436,62.27914908,11.27910912,0.000048551,19.50012153,308.4294088,1.167212337,1,1
29.10819714,1005.866089,72.55501987,13.07034058,8.48E-05,24.78902262,450.28369,0.871467263,1,1
26.78066607,994.6817761,89.66565807,12.38853606,5.09E-05,21.76460842,212.6317006,1.359794675,1,1
27.6272192,989.8469932,78.15959645,16.43670438,1.70E-05,8.928384317,478.1501715,0.675491627,1,1
28.27090927,997.379434,79.58497848,14.67117873,2.68E-05,16.05324536,217.4779649,1.16166726,1,1
26.56489417,997.1263225,67.41081422,9.179645947,2.58E-05,8.656755597,421.5699282,0.785707568,1,1
29.70849513,1009.097796,82.8504188,7.14501684,4.06E-05,20.95464527,215.3258279,0.587017218,1,1
28.22713964,1005.353626,91.83705549,7.626847102,6.89E-05,9.410085269,148.1933905,1.374071773,1,1
26.99867581,987.8974204,60.02613563,18.06003551,8.03E-05,17.5465787,387.6195938,0.652048567,1,1
27.83329438,990.5365816,63.75106105,12.29195728,9.25E-05,5.801182381,181.1574111,0.707540936,1,1
26.95258661,1007.253037,78.72276217,11.99449119,7.73E-05,8.08984408,269.2694093,0.929985214,1,1
28.38764276,1009.986731,90.77795576,10.96798555,8.36E-05,8.414167266,63.70865884,0.704448373,1,1
27.36164622,995.3174227,84.60516562,18.65908576,5.34E-05,15.02551289,72.60935442,0.534911553,1,1
28.20463985,993.1453584,93.5672158,7.410193771,7.37E-06,13.98077536,156.8653505,0.549614373,1,1
28.89839315,983.34779,84.33278,9.215746253,2.15E-05,12.59503046,410.6505993,0.892093577,1,1
29.0030786,983.7645889,90.91085679,8.553999874,6.94E-05,16.3156311,468.1151227,0.887322518,1,1
26.26466076,980.5746646,93.07434244,12.87103456,7.86E-05,9.688512,205.2876855,0.530103872,1,1
29.8459693,1000.036037,97.32820351,8.982446111,0.000063089,18.56999937,192.8973651,1.348109235,1,1
29.78864585,1006.545654,89.56267904,9.161970196,3.18E-05,24.26720641,54.62802317,1.216049973,1,1
28.82498465,998.6806862,99.60435384,9.678191537,3.73E-05,6.578788059,249.2591614,0.761048526,1,1
27.37354681,1005.037154,97.41938054,7.78599608,4.04E-05,23.57261124,77.81380731,0.592360528,1,1
26.65116396,997.856385,66.01889084,19.52114572,4.74E-05,15.03035921,160.9963771,0.970960252,1,1
28.64765453,1002.535314,90.15472331,13.66836669,9.09E-05,21.34815695,390.6716516,0.555605522,1,1
26.02751185,986.3734183,86.54094376,11.16796233,4.32E-05,22.69173776,453.0032817,1.409175264,1,1
27.25551231,1000.731674,70.86532725,7.859147496,2.25E-05,11.84215242,243.4809289,1.330949171,1,1
26.47956437,1002.047775,81.25819657,9.31918014,5.18E-05,10.9988414,318.2368799,0.933843923,1,1
26.65762212,983.4974922,81.86782728,18.5361955,0.000037676,19.66000214,346.3976097,1.431554914,1,1
29.28392407,996.9981578,86.28121993,18.475797,4.30E-05,11.53589412,54.86498764,1.326551074,1,1
29.2039228,983.1336355,83.07429525,11.95972547,1.63E-05,24.61136454,146.6131494,0.56723418,1,1
28.37938952,1002.166,61.29773784,14.88076458,5.56E-05,7.065300178,127.6357446,1.067974297,1,1
27.18543045,1008.149472,92.74960918,19.7535081,2.97E-05,24.39447266,244.0552414,0.847518795,1,1
26.20139811,981.5829577,87.68045024,11.86893492,2.65E-05,17.27940613,163.7861532,1.077631754,1,1
27.43683499,1004.706567,92.82784643,12.16025597,3.83E-05,12.25119593,412.5715366,0.828179483,1,1
26.83623749,982.5406503,78.66772484,12.23198148,8.49E-05,9.424773929,221.4460732,1.308405739,1,1
29.29449444,991.5383323,78.36496093,9.549288363,9.36E-05,7.372875315,470.1872404,1.183866452,1,1
28.12628861,980.9797718,79.02384767,11.11622158,2.03E-05,18.12819207,487.0179083,1.062188811,1,1
28.85901311,982.0535136,76.70667983,6.745377278,6.32E-05,23.76964316,347.7999796,0.576803048,1,1
27.41866482,996.5199014,76.12831025,17.50466016,8.24E-05,17.2366204,218.0560753,0.755336374,1,1
26.42349727,990.6469305,76.52690069,15.13734388,6.75E-05,6.402162793,227.8666919,0.681778867,1,1
26.62725082,1004.819064,61.67660867,11.28774314,2.10E-05,22.58660431,300.668231,0.731380636,1,1
28.00970915,1001.944591,98.32472036,8.306690064,8.92E-05,23.68608228,462.389245,1.135414357,1,1
28.51928262,992.096319,90.09591529,12.96941028,6.94E-05,13.56915808,379.1734088,1.324471518,1,1
26.58574503,1004.987891,81.61186127,17.66998864,4.60E-05,12.58080971,461.7773296,0.751169268,1,1
29.3768493,994.5206172,80.5638177,9.627024222,0.000059439,11.50422393,67.67123641,0.771998605,1,1
26.02551617,1009.350644,98.62988839,10.92732946,7.42E-05,11.91612197,351.9919207,1.305430043,1,1
29.78702498,992.0063683,91.33191932,8.98892676,9.91E-05,5.515391975,321.5879629,1.159505982,1,1
28.75218223,983.6116274,97.54119134,7.717749186,6.42E-05,9.453521583,188.2473877,1.046458542,1,1
27.66877367,984.806768,66.8374561,11.27217182,7.69E-05,22.95929294,87.85744802,0.893103908,1,1
26.40098225,980.4977744,86.46874731,14.03674163,2.05E-05,9.676256662,60.66848914,1.334947206,1,1
29.89876238,984.0637861,69.25900855,18.02614286,9.30E-05,13.39254766,72.78011252,0.539391834,1,1
28.29579946,991.7868533,61.1460971,13.74878588,6.07E-06,20.74743916,187.8947702,0.540258003,1,1
28.35340888,991.9305324,98.95201653,13.16297994,3.11E-05,19.18877729,172.1714011,1.404243291,1,1
27.49888788,996.4960569,62.02292415,11.39181857,8.41E-05,21.11297611,150.9433515,0.726079071,1,1
29.26922125,1007.911953,63.81443685,11.75087959,3.71E-05,22.41376911,87.58621161,0.711125943,1,1
29.00987335,981.5388155,79.70141523,11.63160552,3.68E-05,12.89144631,288.4732641,0.661367358,1,1
28.28798351,1004.16297,90.40643719,7.30849857,1.92E-05,10.36348735,212.4836269,0.908455581,1,1
28.71878887,981.700413,61.38690817,10.87865844,7.12E-05,8.868706859,338.6770166,0.759828138,1,1
29.54434444,1006.870698,71.89148817,8.449906309,4.41E-05,9.810631704,352.5727295,1.326064685,1,1
28.69236852,1004.730513,75.87968649,7.344754561,7.51E-05,12.2094901,352.0718714,0.770643942,1,1
26.32491854,1009.777454,66.24806032,19.82631491,9.78E-05,20.87636208,346.7403329,1.07780705,1,1
29.46440618,988.6831856,78.7072485,14.29084954,4.41E-05,13.54972908,198.6281004,1.064231817,1,1
29.40229811,986.0458513,97.37732155,15.33631481,0.000083211,16.12381385,400.7825156,0.516200397,1,1
29.2735217,981.2041658,95.59653505,19.87944121,3.29E-05,9.206371126,394.4135137,0.753026341,1,1
29.46224953,983.0852778,65.03820786,19.68727333,6.90E-05,21.93774449,195.9482198,1.17648375,1,1
28.37696731,998.0945036,87.30129838,13.6303876,4.58E-05,10.51845389,395.8615989,0.72627243,1,1
28.76941722,986.9999847,85.0132068,16.20617401,2.58E-05,6.198866017,108.9381843,1.105996967,1,1
29.39778562,981.3499046,89.36605036,10.11977969,5.05E-05,23.577191,199.3871771,0.965336934,1,1
26.05472966,982.4479616,70.34366365,5.417783612,6.50E-05,13.52796714,296.6653412,0.674647186,1,1
27.18372812,999.9147342,98.61210895,5.756251604,8.96E-05,16.53762403,303.763805,1.000278535,1,1
26.27757634,982.6963056,84.03648023,10.11437857,9.21E-05,13.13181075,114.4766564,1.214718834,1,1
27.17341369,995.7641092,87.91331142,18.50396167,8.03E-05,18.52722136,355.8349321,1.445924644,1,1
27.18329639,980.0333628,70.87818238,8.268370694,6.79E-05,17.674232,317.0576222,0.516243443,1,1
28.91511222,989.7059124,86.60223956,13.34867643,3.76E-05,7.691525342,92.48850395,1.331518333,1,1
29.67359017,999.4936414,64.13736459,11.03040825,7.42E-05,20.59641768,103.19838,0.500030719,1,1
28.84854818,990.6978853,70.17925326,5.193462047,5.63E-05,22.02301471,480.9342408,1.065744951,1,1
28.05784531,982.5516916,81.95491206,10.69968618,6.27E-05,12.77452696,158.1346056,0.594965275,1,1
27.25967378,982.899345,67.07587803,19.81004238,4.72E-05,15.63743533,443.1283379,1.495568901,1,1
28.3308578,1004.374215,73.07764097,9.586159362,4.33E-05,18.45014525,356.9862602,0.815239435,1,1
26.5328397,998.9718877,65.13303449,13.67738762,7.09E-05,19.01222993,389.0624498,1.372859422,1,1
27.99983597,1001.907476,84.76690941,7.799599097,7.44E-06,10.69082771,249.3651679,1.117105944,1,1
29.39983732,985.8873715,65.0219916,19.45219921,1.53E-05,14.5698214,313.503678,1.041374421,1,1
26.34412863,981.7108074,64.2193371,13.78381526,5.67E-05,9.674815841,336.9983638,1.320067502,1,1
26.16631584,994.9438983,87.57241648,8.784678906,3.42E-05,17.27275806,454.070882,1.30992442,1,1
28.33252088,1001.906652,74.59289881,14.61448292,4.93E-05,8.798722729,365.7822232,1.056464637,1,1
27.43448633,1007.340176,60.83736471,9.736597269,1.04E-05,20.33054632,365.9483544,0.831352219,1,1
28.70265161,991.8781168,90.25015166,11.81275494,4.42E-05,23.69459831,162.895595,0.62044734,1,1
28.33817245,1009.079654,75.11356855,5.930551454,0.000037234,15.11863309,122.865353,1.158102218,1,1
29.99099756,993.5521843,74.18914227,11.0105625,1.59E-05,22.66547203,236.671545,0.887274411,1,1
28.63876109,993.2610026,85.92933875,5.921694352,8.23E-05,23.81007906,341.9444238,1.454565929,1,1
26.60572926,994.3224857,84.07226936,13.72604971,4.31E-05,11.76168819,107.0708101,0.891742451,1,1
26.65064326,1002.03097,68.35323742,5.878479579,5.75E-05,16.90459465,442.3608776,1.076981612,1,1
27.38192341,1004.090356,81.61115573,6.18920427,5.88E-05,23.16037091,228.3406815,0.796325802,1,1
26.57387783,984.5433657,77.31085937,13.93519736,1.27E-05,23.79137178,389.8101279,1.086623918,1,1
29.31375468,982.4056027,79.07355511,14.4513969,0.000083722,20.6693912,174.6811624,1.44088017,1,1
26.49738337,1006.254009,98.83760998,7.657302848,7.36E-05,5.805710376,232.4402713,1.016283299,1,1
28.3225809,1008.078117,86.89002749,12.21916927,8.19E-05,24.01065642,59.92976691,1.482521272,1,1
26.34452856,1004.431603,71.2133901,6.982694866,4.68E-05,17.87913159,221.4283303,0.554565408,1,1
28.39784456,1007.072098,75.32861464,8.244991665,4.70E-05,5.967254221,419.219413,1.326340811,1,1
28.35200185,990.5930867,91.99133458,13.32030537,8.35E-05,17.62917585,402.9824629,1.098562993,1,1
27.65656427,1008.738376,81.644553,14.07634278,2.59E-05,17.51301579,307.2234423,0.684838398,1,1
26.23834839,998.1307796,90.54769077,12.85102056,2.65E-05,18.33043953,86.04757697,0.941833705,1,1
26.65346703,985.5337715,68.09175797,10.80060586,9.86E-06,12.95586882,280.2683512,0.983294285,1,1
27.5311364,1005.174398,65.8130677,12.58545116,1.09E-05,6.423113578,308.2396324,1.066018425,1,1
29.51213405,996.7362103,98.39164082,5.730422726,1.43E-05,5.881317231,133.3745827,1.041270111,1,1
28.58228873,981.3675547,97.83883559,17.63248065,3.32E-05,6.543750605,126.4491829,0.626944414,1,1
26.49313512,995.5568507,69.8338977,10.37209575,0.000099003,18.68628498,477.0413002,0.642556555,1,1
27.5285579,996.6419541,63.07032248,5.062811654,6.87E-05,17.83639034,234.8549645,0.989644076,1,1
27.661772,980.7201513,73.41486425,7.656233831,1.44E-05,24.13440868,319.7118763,1.228656284,1,1
27.26145497,991.7944139,69.47695976,6.454485065,0.000022008,20.95028091,354.8956123,1.046928876,1,1
27.90035949,1007.673029,62.90939791,9.209012199,3.82E-05,20.64851624,496.6315791,0.740670515,1,1
29.49722934,1004.918683,68.98629591,10.9899887,4.39E-05,24.56441337,131.4013556,1.299157971,1,1
27.33677086,1001.92611,76.80044017,13.67539645,8.41E-05,21.0833113,439.8904326,0.559617325,1,1
28.76820221,984.1996213,76.63274272,13.22882623,4.33E-05,15.39223352,498.436839,0.635217314,1,1
28.70182418,991.880029,65.32039196,7.381051451,9.52E-05,22.59202993,458.1688822,1.491532776,1,1
26.83326156,990.6631801,86.7687612,12.2570381,0.000044747,12.15622499,317.2012844,1.075593429,1,1
26.64583134,994.1521951,82.13887105,13.55430408,2.50E-05,19.84542785,61.33959267,0.854831856,1,1
29.12085059,996.9167876,70.4464973,15.42429679,5.89E-05,20.92487219,380.7613338,1.110107922,1,1
27.9527107,983.9954638,70.45332072,11.28649209,6.19E-05,15.2741571,179.6830367,0.506464358,1,1
27.98495689,988.5687797,89.38433203,5.359193979,6.06E-05,23.82948475,128.4841702,0.971649491,1,1
26.36568797,998.7704574,82.02126722,11.11048286,5.45E-05,22.93149317,138.332436,0.522564512,1,1
29.44665954,997.3135125,95.62633822,13.95417835,8.20E-05,13.59346727,387.4369691,1.413041467,1,1
28.28849185,985.4235545,70.7519046,7.979668654,2.85E-05,11.12830899,299.810204,1.08799163,1,1
27.70599899,998.4626234,63.26299702,6.316823556,2.13E-05,15.36154996,146.2976054,0.783284404,1,1
27.60125134,1004.355984,60.55448544,14.7406823,6.85E-05,20.97311561,469.7388226,0.520137849,1,1
26.61513482,1006.585139,78.34074249,13.46885958,6.80E-05,18.58133209,469.2831815,1.496949417,1,1
28.88062984,988.6166363,95.19009609,5.738313718,2.70E-05,22.94771435,165.2861815,0.72065106,1,1
26.55250117,1005.773353,80.00233037,15.12339805,2.77E-05,20.16080842,392.0024952,0.812598025,1,1
27.64273053,986.2907083,99.06244093,14.68403866,9.38E-05,11.06771087,401.8509108,1.265858644,1,1
28.76662261,1008.969169,75.74221344,6.960759854,6.88E-05,19.58619601,308.7772581,0.706817893,1,1
28.01782377,989.3656921,77.09866113,14.67827864,7.58E-05,9.644493818,232.3964123,0.769161571,1,1
26.79452646,1003.501617,96.37010778,10.55348279,7.64E-05,22.93990579,430.7558947,0.682813389,1,1
29.82516753,991.3002932,73.56962645,5.936469909,5.12E-05,7.180272313,161.8429194,0.816942622,1,1
29.23530529,1006.26466,72.0986527,17.88047182,8.64E-05,20.29301901,116.0128013,1.190322847,1,1
29.78009626,1000.476214,73.26467396,12.50868976,6.63E-05,15.21140817,103.9788238,0.812064045,1,1
29.20958412,1005.842541,65.49200131,19.28580129,3.62E-05,18.24627477,388.3213157,1.311946235,1,1
29.78299881,989.3875864,94.34025818,6.975303552,7.20E-05,19.83955459,354.9754585,0.752314736,1,1
29.49217259,985.0657539,62.14539166,15.76197486,5.02E-05,21.9819604,222.5287135,0.668278589,1,1
29.34576877,996.4672889,67.5678317,15.80575998,5.36E-05,17.08625964,257.4042522,1.328708984,1,1
29.31825086,1001.281665,64.2160551,17.58280793,6.87E-05,18.94048332,213.3422782,1.379279556,1,1
28.9014864,983.377714,76.31112138,18.29570543,9.48E-06,24.22833239,355.6231557,1.131375978,1,1
27.08223703,987.4637537,97.68232878,9.474086814,0.000078673,12.86243596,112.6643319,0.510715298,1,1
28.17702935,1009.273365,74.76544775,10.35788501,3.77E-05,15.41087675,248.2991975,1.379914627,1,1
28.02208317,995.2327351,65.53486379,19.74109311,2.87E-05,6.467281349,348.415812,1.09536637,1,1
27.66058262,992.665767,91.40255684,7.935689602,8.29E-05,17.97494228,238.5363982,0.958028617,1,1
27.02658883,1002.56343,80.51498969,9.812818141,6.16E-05,24.91468904,245.8680258,1.420691401,1,1
27.38006736,981.6419812,68.16968425,11.28042715,2.59E-05,5.004540764,461.750692,1.343879411,1,1
28.96916893,985.0344379,64.81454305,6.014071242,7.38E-05,23.57615921,243.7411194,0.619140672,1,1
28.04957128,990.4649572,74.99299697,14.31995936,7.33E-05,7.212071978,66.01560386,1.494330303,1,1
26.9309134,981.6149157,67.59501316,5.584367695,0.000042222,21.04803569,203.5600024,0.944183407,1,1
28.70234709,995.2668221,94.45782744,17.99053513,5.94E-06,20.56092613,257.3301201,1.488840541,1,1
27.9329283,1009.606878,90.18277445,8.729073269,5.61E-05,24.84271279,435.8887735,0.597366894,1,1
28.82548799,990.3673876,60.27929048,11.05221454,2.73E-05,21.37738541,201.798774,1.327523694,1,1
26.00239176,989.2345745,69.64660857,8.503510416,1.15E-05,8.742485408,299.9973064,0.791361073,1,1
27.66957913,991.3060064,95.036197,18.57948499,5.18E-05,11.60311901,98.0603168,1.453402879,1,1
26.24090778,988.9295083,71.92264805,9.806019292,2.06E-05,20.66322862,105.1240379,1.134906659,1,1
26.49538411,982.1160691,96.37718015,7.851931495,8.30E-05,15.89261742,85.03543382,1.455448191,1,1
26.98784467,1005.78936,66.75240023,17.80914323,6.26E-06,15.23560913,396.2491607,1.434795518,1,1
29.63680854,1004.588746,95.52765399,7.988295288,3.20E-05,10.7793705,219.674269,0.89332067,1,1
28.1782213,984.7963929,87.64986655,7.51349809,3.45E-05,15.06690261,408.3982527,1.239469233,1,1
28.58213743,984.6731978,81.88181382,6.311697527,4.08E-05,13.27033061,67.91514775,0.7739881,1,1
29.82259787,1008.608978,74.09308217,5.646501634,0.000022014,12.84435587,476.5008641,0.641199064,1,1
29.05406337,983.2604762,99.2503031,10.72424749,7.86E-05,11.85182166,332.4509947,0.692016085,1,1
26.58408408,1008.141924,96.70589112,18.3120341,6.44E-05,21.16536422,81.06662161,0.834789042,1,1
27.2548125,999.0693597,74.23831094,7.227601725,6.17E-05,21.28767841,221.9555725,0.632268715,1,1
26.78675279,987.1244992,71.99590372,14.64192606,6.21E-05,18.92159723,213.125893,1.323997652,1,1
26.81635064,994.0712224,92.03754886,7.702379716,0.000015437,22.67367935,204.3183482,1.183870125,1,1
26.10139442,1000.701407,72.64405246,5.836112804,6.29E-05,9.816076322,224.0632589,0.580580812,1,1
26.588653,988.9393171,63.59038002,18.66239397,5.57E-06,14.67720438,105.4613562,0.80767909,1,1
29.70423824,984.8508366,98.63329279,8.086915655,7.54E-05,15.9335453,448.0154274,1.053993256,1,1
28.13823688,985.86374,66.64917448,18.74733727,3.61E-05,12.4416451,391.9206463,0.838823482,1,1
29.80824979,1002.137833,83.8971697,18.21342741,9.71E-06,10.14125384,259.2663504,0.72697854,1,1
28.97562075,1007.576241,76.9508048,10.131989,9.63E-05,13.89704866,270.0717802,0.851649872,1,1
29.63819389,997.0686645,90.48698349,17.17710078,3.75E-05,13.67388663,431.8122985,0.863255352,1,1
29.17574053,1008.22977,84.92841492,16.12440931,8.15E-05,21.90079298,227.774002,0.551263459,1,1
27.60750508,1000.212687,78.01401543,16.23444726,3.89E-05,17.69488282,133.8889122,1.249369437,1,1
28.18278388,986.1219317,71.67644694,16.22913063,5.08E-05,9.320628808,485.2720357,1.21512502,1,1
29.82853933,992.8131514,79.00401363,18.46932824,5.49E-05,19.14557824,163.4777949,0.946726469,1,1
26.49379946,986.1794011,60.03773661,5.588975775,0.000097842,9.847073903,348.4898193,1.339099699,1,1
28.20264184,984.594335,89.12465749,14.00377115,7.45E-05,20.39493246,488.9346655,1.07356328,1,1
27.36656445,999.4539367,62.73762837,18.46095977,1.63E-05,11.55685676,417.0854213,1.097312378,1,1
27.57454208,994.2030698,94.18189573,10.10006579,8.76E-05,6.76268862,399.5592967,1.347547633,1,1
26.72727061,992.910396,66.61999099,15.59906193,0.000055858,17.70646693,138.4191351,0.711745862,1,1
26.1659893,989.6620261,82.38978645,17.86902371,6.84E-05,13.70792647,478.9040515,1.219245201,1,1
29.72066081,995.8276392,70.35617099,5.792400296,7.40E-05,7.42605996,186.2488077,1.032470908,1,1
28.25766635,998.0174959,66.65021321,10.69606107,6.36E-05,24.39637729,377.434012,1.422603757,1,1
29.04884823,997.7515091,67.68093477,15.00028478,6.42E-05,17.04938341,270.4036406,1.028656604,1,1
27.33777011,995.5793808,67.90223623,17.07761596,2.26E-05,6.699325798,246.3107119,1.15830744,1,1
27.7508673,988.302624,82.32684736,10.20503503,9.36E-05,23.45290279,276.067319,0.827883994,1,1
28.94852966,981.1013883,78.99076024,10.04485091,9.25E-05,5.240060546,298.7666941,1.240663581,1,1
27.94007195,982.5620909,98.8984556,12.77015647,6.33E-05,9.732195654,267.5741383,0.929149492,1,1
26.29958337,983.1848106,93.49890078,8.597299283,0.000023521,15.09822903,395.9362091,0.561946519,1,1
28.30723168,983.5763133,61.45844203,5.791159282,8.42E-05,7.359449673,70.31811399,0.937899887,1,1
29.37597389,987.8722513,76.8685047,5.598837989,4.77E-05,16.55226161,306.9081742,0.832426692,1,1
27.26213272,983.1987086,74.67193283,6.492420033,7.78E-05,24.32548596,486.5335055,1.365071099,1,1
28.4031686,1001.025971,71.40823211,14.4615563,4.83E-05,14.6403468,390.9994522,0.781918356,1,1
27.27215845,1007.739254,62.24897179,12.28451448,9.17E-05,17.20726016,295.8831834,0.749744179,1,1
27.37310196,1005.561452,82.36872527,12.72113291,1.45E-05,5.320563129,483.6583349,0.876986167,1,1
28.41285225,982.3914522,87.32457143,18.98850063,5.97E-05,7.522306448,311.7746874,1.266347213,1,1
27.62566615,1006.395132,85.94731813,18.48873377,0.000064233,7.62575944,189.36127,0.701794948,1,1
29.63530599,1002.812002,87.05593476,9.514494795,2.25E-05,20.12902176,263.3710756,0.725789552,1,1
28.46648791,981.2100156,73.04681017,12.02835492,0.000019056,24.69308955,144.0938141,0.63035313,1,1
26.8141395,1003.071834,77.02022637,13.4812391,7.00E-06,5.688626172,250.6214974,1.316655243,1,1
29.54095551,982.601197,81.53452408,18.69844529,4.19E-05,21.59131663,110.1630445,1.43539449,1,1
29.00569327,1008.240032,87.06468934,10.45105898,9.41E-05,10.51133553,199.4776349,1.200808418,1,1
29.0612652,1007.882105,68.19209636,16.96997053,7.52E-05,6.275891125,224.2504135,0.782765457,1,1
27.2179617,1009.488406,85.71109654,15.76514237,9.78E-05,12.54403565,410.8280758,0.934530963,1,1
29.47813469,985.4197262,97.90744708,8.281575626,3.60E-05,20.12384468,227.1898137,1.108211377,1,1
27.778294,1002.271098,69.13325009,5.876869809,3.35E-05,14.4861733,125.6090235,0.85479729,1,1
27.59993207,981.7217553,83.33228993,18.26515142,1.94E-05,16.95616027,349.1326422,0.91933468,1,1
28.80439035,992.3219463,80.18549152,5.110295668,7.07E-05,18.22685358,67.2803948,0.868250107,1,1
29.91612736,992.6220969,80.07781621,18.64895237,7.31E-05,16.64140262,409.0121066,1.364366267,1,1
27.82755229,994.2532509,75.44203743,19.5005921,7.12E-05,6.664461324,438.3318305,0.980559941,1,1
26.27501563,996.4915177,76.68657116,18.16624107,2.44E-05,21.52929219,300.959911,0.554610303,1,1
29.88738121,995.3784573,71.63507417,12.04110263,8.65E-05,11.09806249,136.7043784,0.629071247,1,1
27.19143759,1003.401443,78.86505461,8.412224055,2.08E-05,11.65458953,472.9659678,0.843026713,1,1
29.9524963,994.5569137,67.16655673,18.36710138,4.87E-05,19.19342687,492.6702124,0.55017535,1,1
26.38677824,1001.613702,71.27300013,7.764520954,8.74E-06,5.43693424,398.5185214,0.634433427,1,1
27.87088246,998.1769045,77.13407202,5.406599785,7.94E-05,5.210264491,392.8504525,1.393304494,1,1
27.73135968,996.0662742,79.0793357,10.83812928,8.93E-05,22.87867021,201.1173641,1.115069754,1,1
29.70763025,1008.861755,80.35836162,11.79237208,0.000031476,24.17743746,114.266437,1.079829576,1,1
27.13020107,988.3702487,76.1987435,19.98189404,1.02E-05,16.57083636,87.15747112,0.65452083,1,1
27.75825177,995.3138039,70.35169633,9.746856963,1.33E-05,11.06439568,484.9512977,1.444707382,1,1
27.33951316,997.1256181,96.38381564,5.09275734,8.20E-05,23.96739106,91.09658045,0.661447686,1,1
29.84298521,996.1262043,60.56786538,8.864479982,4.77E-05,18.85817822,379.9221702,1.495421513,1,1
27.1500448,996.1466031,81.33294191,11.08467889,2.11E-05,24.54913126,433.992734,0.998333028,1,1
28.41298169,986.8178316,81.75148282,15.424552,5.39E-05,24.80570341,325.1037453,0.870973713,1,1
29.08860811,985.1138753,75.38063255,10.20438426,4.60E-05,20.63559652,267.8778645,1.29401445,1,1
28.30595561,990.262083,92.39914975,8.574345058,2.63E-05,15.09005848,167.3821607,0.509087035,1,1
28.59319011,995.3328146,77.82071258,19.50452772,5.93E-05,22.26863156,112.7526063,1.069206463,1,1
29.47191851,997.4931727,88.72056713,10.58065352,1.38E-05,14.1580059,227.5157259,1.367060182,1,1
26.97598121,1009.002027,98.32552479,8.714474646,3.81E-05,22.91111482,484.9799994,0.943439103,1,1
27.28398818,995.7828204,87.51076825,9.102117731,0.000074965,6.033147142,72.18252174,0.886287705,1,1
27.41389277,989.4689965,79.64079051,9.811003735,2.33E-05,11.18939098,488.7069228,0.911113417,1,1
27.77885111,997.2963497,99.33363074,8.624019147,6.97E-05,19.31969387,323.2959876,0.58857834,1,1
28.7074891,981.9228413,83.84570598,16.09371766,2.50E-05,21.83244015,63.65921249,1.343812864,1,1
27.8413162,986.5276382,65.3511258,19.29960751,1.19E-05,8.981868399,206.5200563,1.120234849,1,1
28.17920434,983.7693048,71.58911935,8.581276566,2.53E-05,13.22288673,366.8141537,0.717452932,1,1
27.46671552,991.7275228,99.05826118,19.31999535,8.10E-05,9.833178416,80.61679134,0.816904138,1,1
27.0671782,995.177774,91.1091164,17.87484408,8.53E-05,12.19351122,359.2554546,0.812834198,1,1
26.24362217,1001.046958,60.3931021,11.13773881,0.000036291,18.86755077,394.8104627,0.804094636,1,1
29.24650806,988.8175028,77.8530544,15.90527791,7.08E-05,24.74736945,151.3224609,1.162317914,1,1
28.43872763,1007.452954,66.25448567,16.27697245,5.90E-05,10.4933174,263.4957114,0.833776597,1,1
28.31725361,1006.670018,82.77219938,14.47583627,0.000054281,6.023310129,154.7863506,0.992001729,1,1
27.24094114,985.4529079,80.16531368,9.842146902,2.95E-05,14.27970835,109.9779161,1.427745733,1,1
29.47080839,1001.228618,64.2485531,16.63815882,8.18E-05,20.35529235,101.2846492,1.143907957,1,1
29.33729918,997.320602,85.85629501,11.87545219,5.52E-05,5.687537167,337.5333599,0.581447213,1,1
27.74005838,988.7796529,81.81711801,7.001245033,7.07E-05,20.90023074,123.5095024,0.604313087,1,1
26.58206193,1006.313827,81.12757047,12.00891494,1.51E-05,17.99112014,440.5998164,1.328185869,1,1
28.50421884,982.2583615,64.49588109,5.739634807,2.95E-05,7.713229343,167.0216181,0.885058056,1,1
29.77193114,998.3112818,93.39895143,15.65527251,1.57E-05,19.71840813,173.7944967,1.139107847,1,1
27.36384789,1009.930168,70.54205918,9.186957062,9.34E-05,5.492888093,363.5100445,1.225326391,1,1
29.34551431,1009.233179,99.02407677,5.979151364,8.31E-05,17.92619867,341.3039605,0.628349927,1,1
28.60074867,1009.474477,96.47274278,11.58695991,8.80E-06,12.2458698,421.8756402,1.201499102,1,1
27.83737462,981.6530461,77.07578911,12.0353741,9.32E-05,17.82172207,190.2438125,1.025318265,1,1
26.26422123,1009.177047,74.40239608,12.16801032,0.000038752,18.6502346,348.0044712,1.215322311,1,1
27.07257292,989.4700544,65.01004924,14.83264958,8.78E-06,16.95364671,441.3631482,1.390832148,1,1
27.79615104,993.7791106,63.07876732,15.06147538,8.30E-05,9.893101092,239.5853967,1.338839337,1,1
29.50848187,987.2953994,82.02282538,7.88739726,1.47E-05,23.22241003,419.2283769,1.260034902,1,1
26.19506528,1005.311864,77.52176304,10.13592685,5.69E-05,6.827064855,390.4909472,1.082435077,1,1
26.74636039,985.646966,67.36994606,5.855035813,6.08E-05,21.80696355,57.87419629,0.549004645,1,1
28.29108111,1004.584871,73.06955562,10.24421598,6.17E-05,10.48425778,61.97376474,1.235228518,1,1
28.50259965,997.42268,89.66736516,15.12846256,2.46E-05,12.04962094,106.7495638,0.629857013,1,1
28.70478299,1005.758003,98.50930335,14.42520676,2.25E-05,7.113006909,415.7829372,1.078756476,1,1
28.47314008,1003.443863,88.13108911,17.51687379,1.03E-05,19.95041273,432.8837408,0.786135043,1,1
28.5617891,989.4248619,98.31884266,5.501353587,6.01E-05,8.330070941,370.4990923,0.675890283,1,1
26.94153305,994.8311243,96.593398,8.175715582,1.87E-05,20.17953664,275.2787896,1.411785112,1,1
26.58645823,999.3778368,69.31516585,7.35140643,6.99E-05,16.8736924,389.6723563,0.809462576,1,1
27.79188663,992.1641503,99.36357856,9.383734351,3.30E-05,12.09096418,304.0673366,0.752322744,1,1
29.66115976,987.9705669,95.83262926,6.552125955,6.74E-05,23.13971037,125.9372473,1.46832696,1,1
27.81153344,1008.371453,87.07280175,9.523803048,2.29E-05,11.07470092,91.85783417,0.643867966,1,1
26.41864176,992.6883063,91.82313505,7.120753313,1.74E-05,17.86857899,138.7323419,0.597610038,1,1
26.66739431,1007.711942,92.85885011,10.31096844,0.000067303,15.74551347,354.7059186,1.182671153,1,1
28.51493606,987.9830411,61.56025683,11.83350173,8.96E-05,16.38994517,424.5759688,1.491624343,1,1
26.65446482,1000.753329,86.97174295,19.69933171,9.86E-05,18.73357223,159.6266564,1.298555838,1,1
26.42811654,1003.420979,96.40784497,10.74250092,6.49E-05,13.60285464,246.9942747,0.810370889,1,1
29.04851848,1008.085297,97.63003437,7.621719273,8.81E-05,19.74862883,163.7768303,0.567284613,1,1
27.07198907,1007.366247,85.327147,15.81581991,2.94E-05,19.38776311,62.65467783,0.875321346,1,1
28.50701339,984.382897,92.92014298,8.525469482,6.70E-05,13.10394285,318.219618,0.607450553,1,1
26.0676512,1007.286933,70.78520035,17.29515504,9.99E-05,9.22862516,169.3268335,1.162859788,1,1
29.86179454,1007.47443,80.1150208,16.92665424,1.79E-05,24.54876368,483.9589553,0.663728958,1,1
27.1976925,983.0046499,70.86870396,17.23933684,0.00004094,6.767939343,204.0014862,1.481383334,1,1
28.51873438,992.4848284,66.66154054,19.79265196,8.30E-05,10.62954605,81.53091307,0.556625557,1,1
26.4815126,997.4230575,97.15053685,12.45115142,8.51E-05,13.9177324,368.8625956,1.231872737,1,1
26.69585482,990.8364818,85.49208626,6.060449123,3.93E-05,15.69598933,498.3010219,0.974533563,1,1
29.26422703,992.9620186,91.8556289,13.93122202,8.92E-05,13.21885105,321.9369889,1.130018681,1,1
27.66953177,984.3293613,63.74237628,5.250073259,8.80E-05,9.729498245,145.1780372,1.2360354,1,1
27.28006445,995.1813408,66.50044261,19.39618582,8.59E-05,22.27579246,233.0481869,1.262361214,1,1
26.57550462,980.2585701,60.7989173,13.79902606,4.83E-05,15.36030698,53.35841319,0.92268662,1,1
28.87227264,993.2808111,89.28876825,8.495284466,8.22E-05,16.76862481,144.8433947,0.736720476,1,1
28.51212186,1004.898188,76.62511128,8.874506437,8.74E-05,18.38536584,251.6384693,0.987900195,1,1
26.81702587,998.8040789,74.34970042,19.93467765,5.06E-05,14.71771212,304.6333043,1.416756003,1,1
29.2032724,993.5339021,88.74797064,13.79353248,5.18E-05,8.846315456,258.7713186,0.745818587,1,1
29.6593686,990.0622044,98.09056058,12.99582935,6.50E-05,15.85880889,108.2212776,0.875821219,1,1
26.39658445,998.6886213,77.87496781,16.66977457,2.59E-05,8.291321169,232.8495039,1.426585383,1,1
28.84168726,992.5677087,80.69088679,6.263195168,9.85E-05,18.32814609,178.4318308,1.085808394,1,1
26.43792946,1008.9751,66.99139952,14.72045477,2.83E-05,19.35122765,399.5696153,1.173419729,1,1
28.45799784,1006.774073,63.14506844,9.963721487,2.86E-05,24.76027924,225.2254009,1.232612699,1,1
28.73890066,986.3624371,69.55990721,9.219268453,4.41E-05,9.686501313,58.84316724,1.379393057,1,1
29.86243933,990.2471116,73.54027518,5.106377192,6.96E-05,21.50879792,115.9737352,0.659666349,1,1
29.160333,998.4887225,61.79442231,14.33820486,3.43E-05,12.37450311,396.3791382,1.310935193,1,1
27.60142651,1008.414588,76.25850872,16.57754053,5.10E-05,22.95064653,458.4925596,0.587416808,1,1
29.74597333,1004.766045,91.65242857,8.013670095,8.15E-05,22.00265469,180.1176505,1.452260078,1,1
26.19944059,984.4972776,81.50324552,13.63688707,6.63E-05,5.339382586,482.1650486,0.544588093,1,1
26.57224781,980.4204355,82.67433733,18.98400326,0.000068265,21.45314937,55.97654156,1.042015299,1,1
27.83825191,994.9690383,62.88852741,15.26653042,5.28E-05,20.302977,268.3807853,0.649381636,1,1
28.59302782,985.1715909,94.89578253,14.19674359,1.99E-05,24.24676115,283.2644585,0.572898452,1,1
28.50733162,987.5959672,92.14773808,17.2673311,0.000098,15.03739062,254.7305959,1.253475605,1,1
26.52988263,996.4074654,81.84990401,6.342096842,4.47E-05,22.06569597,435.2691299,0.599237665,1,1
26.36288353,987.8808643,94.9906425,6.933538776,7.34E-05,7.023312392,330.4120342,0.856067299,1,1
29.15565585,987.0107135,85.56807318,8.535238019,7.28E-05,22.47356069,107.0608096,1.366595689,1,1
28.37430102,983.8133147,77.10167421,7.412904402,0.000071533,20.17736269,97.60843412,1.006139853,1,1
29.25850022,1008.084891,80.54071467,19.25418835,5.59E-05,12.88380989,431.6914078,0.992982711,1,1
27.88761004,994.7093747,93.87140007,17.47912313,4.33E-05,11.6659972,271.3676108,1.07277251,1,1
26.95334884,1003.818653,79.45931063,10.01068323,0.000015148,9.776903208,477.1765273,0.805099687,1,1
26.67543716,993.8201837,72.28350973,5.527388754,3.57E-05,15.88217248,298.2705674,0.856558921,1,1
27.78921103,1008.965538,75.09393909,8.873402199,2.81E-05,14.15529225,391.7840669,0.705988184,1,1
28.83718451,980.6344947,76.75731912,16.63797598,3.72E-05,16.27474203,142.2406548,1.241995391,1,1
26.20911641,1005.576279,67.92785546,18.11597048,3.85E-05,19.45367149,193.651384,1.405911671,1,1
26.5065485,985.3555937,79.72120501,6.229076586,2.36E-05,23.87532764,489.4203475,0.876259329,1,1
29.69314408,996.3447403,70.78969864,15.53598082,6.76E-05,24.78250638,169.2712793,1.172059503,1,1
26.20809502,983.4093812,60.156735,19.99191022,0.000081216,20.73446029,279.3767339,0.800067083,1,1
26.60505714,988.5402422,75.03884888,16.34465145,5.63E-05,6.549672531,58.11305403,0.60233218,1,1
27.64199485,1007.995788,85.49609925,17.0273885,4.93E-05,12.23332166,98.78016772,1.375933022,1,1
29.13264012,985.0435429,80.49042256,12.31062212,6.44E-05,23.92373788,310.8971488,1.040217267,1,1
26.20129173,981.8872243,67.49387165,5.487061575,7.56E-05,19.46660608,111.2253055,1.336078901,1,1
26.61914414,989.0352676,69.95907597,10.58460648,2.92E-05,14.77901853,233.3335466,1.486569491,1,1
26.2237054,984.2654413,62.11303576,14.38761792,1.02E-05,21.72879475,280.3723838,1.027007625,1,1
28.24637803,985.1244112,67.90761212,9.782259843,6.14E-05,9.202355519,102.3492772,1.470116886,1,1
26.08792726,1004.080922,91.52140598,9.458211708,1.79E-05,7.912572934,363.8442278,1.142806591,1,1
29.1309827,1008.124435,87.67709453,7.337773048,0.000028127,21.84387462,144.1877341,0.572522317,1,1
28.81312022,992.0757907,96.8016021,14.75382607,1.36E-05,23.95713135,166.3507686,0.83721249,1,1
27.60904165,981.5367289,79.86061689,6.849777366,4.31E-05,12.01419576,397.7780375,1.303170512,1,1
26.61365153,990.9965356,74.93412644,7.271156659,8.09E-05,19.14456657,135.6718038,0.866721909,1,1
26.4232201,998.8461979,64.85487698,19.78901253,7.92E-05,12.80477099,310.3537695,1.411341816,1,1
28.21639712,985.2349546,75.14813422,17.64717298,6.62E-05,18.01448769,440.0696686,1.393973058,1,1
29.67917029,982.8454758,81.76504008,16.10764282,7.69E-05,17.13432404,125.0543008,1.297420554,1,1
28.88044533,982.5840731,78.55239299,7.609660993,3.71E-05,5.361621844,230.1484408,1.049876921,1,1
28.47833037,999.9047104,93.45165252,8.231943609,1.64E-05,22.03074344,120.4757667,1.474760081,1,1
29.37015292,995.0262982,99.256857,6.460650937,3.38E-05,17.7644883,207.5030908,1.428372552,1,1
26.26250435,996.482355,83.6346507,14.79092186,2.93E-05,12.29132855,429.6562383,0.694942769,1,1
29.30747139,996.8796627,90.48750045,15.70411049,2.47E-05,16.37625473,440.4754188,0.932116237,1,1
29.86636308,993.566453,65.71142547,10.8415202,9.54E-05,11.39441699,440.6441719,1.381250682,1,1
27.4007461,982.4977297,88.98231637,9.672684485,7.94E-05,13.85309697,268.3700341,1.277909407,1,1
27.52945332,993.2938204,75.04761875,10.51010773,5.50E-05,21.17598889,212.7957404,1.024254721,1,1
28.6829093,988.0831834,71.1009122,19.00119691,7.37E-05,16.54373352,341.4740245,0.529299443,1,1
28.47241186,995.2852662,81.82998719,10.3913574,0.00001274,8.866784672,477.8351209,0.908699562,1,1
27.86673262,981.5812937,61.50264918,15.75772171,0.000056119,15.17411968,159.4060387,1.244750732,1,1
26.67294632,985.6980423,78.42848685,9.294197932,0.000028509,17.90475289,342.9372853,1.32451707,1,1
27.67083427,982.1925527,70.9466554,19.70008195,6.16E-05,19.1947417,53.31102333,1.018205732,1,1
26.15011463,997.0769064,96.83083399,19.52628696,5.64E-05,14.16409611,475.2576924,1.173609832,1,1
26.25959712,993.9717673,69.60980074,12.04706482,4.83E-05,16.64289606,210.5467207,0.66427045,1,1
28.01487774,1004.906087,86.56048912,10.07551799,9.39E-05,23.24415143,144.2067797,0.539417585,1,1
28.96523483,1004.828308,98.71458264,18.34754591,6.21E-05,15.60104678,62.52847307,0.746656447,1,1
27.83845901,998.855117,82.29007333,16.13953985,3.16E-05,16.29905215,89.66400953,0.913665524,1,1
29.00064333,1000.802026,99.62570949,9.16836689,0.000052328,11.59060828,248.2714013,1.35695013,1,1
28.7368363,1006.473236,68.14044433,18.10041677,1.07E-05,22.77198561,198.0832008,0.814587633,1,1
28.04835431,1008.220706,61.91125459,10.28346463,8.64E-05,12.92108955,139.6206039,0.924794181,1,1
27.54221001,1007.462486,90.47737503,12.57673334,9.89E-05,14.30555063,76.20702387,0.762274322,1,1
27.74428192,984.7070787,97.90260505,16.50273347,3.05E-05,16.81609067,374.6521207,1.441278929,1,1
29.5265414,995.4557668,90.98610479,13.43217131,5.75E-05,7.294839167,106.7619461,1.029533615,1,1
27.07544618,980.6311071,88.91356816,5.48729895,6.16E-05,15.78387588,485.9666108,0.984213139,1,1
26.25440575,996.550639,93.64384682,19.95273926,4.59E-05,11.40597485,457.9939836,0.691242129,1,1
28.46171566,992.1714327,61.6432946,10.20932711,3.02E-05,18.72182308,476.955724,0.768047187,1,1
29.24586376,981.6607945,81.5248404,6.058250956,9.37E-05,20.32702561,346.07746,1.323896382,1,1
28.59007918,1009.068332,88.55831791,18.86987914,5.41E-05,7.34128826,287.6799746,0.626872828,1,1
28.36997392,994.4747918,84.90301591,5.150704716,2.35E-05,14.82660864,477.7266027,0.88360904,1,1
27.6974881,1001.440883,84.15171029,9.483892252,4.40E-05,9.353995977,484.7096566,0.630634382,1,1
27.48734714,980.7751692,68.87117968,16.70706708,2.41E-05,6.601268051,263.5039309,0.509969235,1,1
26.33906462,1004.228776,90.85893379,18.72708231,0.000086179,18.66351126,73.54978579,1.282848618,1,1
29.38204324,1003.972464,80.33916141,8.49352758,8.53E-05,19.54325619,491.3425285,0.655692598,1,1
26.90265833,986.3539445,91.7015907,7.803609447,1.13E-05,24.97121613,61.16774515,1.33524406,1,1
27.46146737,1005.248464,82.18481965,18.52446844,9.30E-05,5.181963626,83.9354792,0.75035873,1,1
28.67726167,1006.648166,78.39767805,14.10459674,2.29E-05,21.09933668,485.2976501,0.768598933,1,1
27.97930381,982.5834833,82.36546626,12.54175163,1.87E-05,13.84132426,200.3470934,1.021830875,1,1
28.34261734,980.2548674,90.44023932,15.69521438,3.98E-05,6.058718711,389.7196429,1.455175161,1,1
26.96060638,989.7057384,67.35251558,13.65404185,1.97E-05,12.12387887,363.6558563,1.060115983,1,1
27.54585026,992.6074881,82.4844353,5.087970918,1.25E-05,22.62516136,85.04554509,1.206803596,1,1
29.68015266,988.1205081,74.81965748,13.53382109,8.88E-05,23.83811175,382.8034617,0.586619761,1,1
28.67661662,992.3091117,78.82803998,5.737225855,2.32E-05,20.81027215,254.2814749,0.801662242,1,1
27.5360763,1005.631985,89.9599607,9.084730958,1.62E-05,10.03996443,464.340403,1.081588838,1,1
28.13392084,997.891808,74.64113063,17.1066053,5.47E-05,7.334958055,108.0793062,1.036859147,1,1
29.74628087,989.2505637,94.78164675,16.4614338,2.85E-05,5.726814966,95.83126931,1.228493934,1,1
26.79867895,991.1381276,80.06796664,15.88202253,0.000015757,13.12732811,268.2828091,1.040827064,1,1
29.27344257,985.1503459,92.31325807,15.39317642,5.78E-05,18.99055741,235.4079825,0.638397586,1,1
28.66306096,995.7401692,85.57499202,10.06998172,9.12E-05,16.74739737,88.43111793,0.949803991,1,1
29.02542422,1003.824037,79.78388211,18.42121356,3.04E-05,13.21197394,454.3686098,1.396256717,1,1
28.74285108,1005.769416,63.55093068,17.97492464,3.55E-05,8.566630249,157.7164264,0.917968508,1,1
27.00476802,989.6170276,65.39913944,9.442651483,0.000059367,13.83707416,206.0234426,1.246452129,1,1
29.57403989,1002.703677,73.28002808,16.16663252,1.94E-05,7.606359762,205.5321667,1.307702369,1,1
26.98539299,981.8976023,65.26838141,17.88117453,6.52E-05,10.06402327,299.8831214,1.027579622,1,1
28.62174391,986.9956266,94.57611949,9.640528431,7.09E-05,5.322492927,217.6957085,0.851709818,1,1
28.17393771,982.1820879,91.60525495,8.266712027,6.93E-05,21.06424246,302.8446303,1.240883207,1,1
28.64744125,990.6658939,92.35434156,9.420520548,5.93E-05,19.90795478,220.5301594,0.802767608,1,1
27.83738404,1004.538905,97.19687053,13.17625119,6.78E-05,23.06547244,94.34608314,0.732078578,1,1
28.83560003,1004.712334,94.28116113,11.22660765,1.35E-05,13.75562955,153.8305656,0.791196455,1,1
29.08907023,982.2658126,93.1032487,11.41503629,6.16E-05,6.793044625,201.8115853,0.589700919,1,1
29.84617489,1004.217849,78.38531017,8.354038225,9.37E-05,11.89193191,122.4429943,1.063164389,1,1
29.77509648,980.1149087,69.52499373,19.07671461,2.13E-05,7.264869033,306.5842471,1.361843823,1,1
27.90843927,1009.836928,87.16686798,6.111123608,9.93E-05,13.15788474,179.3311402,1.057879184,1,1
27.21723037,982.5937252,60.05713372,11.74375029,0.000084502,16.44630371,499.6432845,0.786846646,1,1
27.12182026,984.7924838,66.56254353,9.27779894,8.03E-05,23.11513581,488.7892264,0.732289654,1,1
29.52519018,989.8476527,64.51362178,18.05037388,0.00006543,8.294617922,243.4240659,0.787257695,1,1
28.94717827,993.6024869,99.5711978,5.821174734,3.87E-05,14.63800334,276.4100996,0.815935822,1,1
28.916961,1006.242412,97.54877208,17.07640065,8.58E-05,16.01090601,421.6497019,0.803503909,1,1
27.59391505,989.5073904,78.69549342,9.283694244,9.64E-05,11.25689256,94.12004215,1.026817166,1,1
26.22839631,983.316295,68.77557557,11.96525375,4.62E-05,20.99383724,382.7635942,0.926318294,1,1
27.33481683,989.4940635,90.95980349,5.781086093,6.22E-06,20.91088784,264.7158692,0.630881139,1,1
26.94226374,1007.975119,94.38011903,15.64677575,5.08E-05,15.40647252,488.8600409,1.465770444,1,1
26.86107618,1004.333137,67.88970665,8.203062168,6.92E-05,13.10002197,469.1949832,0.589009735,1,1
28.04610256,1007.555646,96.16454642,7.347938201,3.98E-05,17.382428,121.7276981,1.468022172,1,1
29.65899731,985.0085054,64.84621845,6.281127242,9.14E-05,8.872476196,237.3282178,0.948851366,1,1
28.39604418,982.1520603,69.0703447,18.9723558,0.000091299,20.62581295,58.73056053,0.827006769,1,1
28.51183494,988.2557064,96.3834678,14.50834193,1.18E-05,23.18011178,480.9949962,0.577712418,1,1
28.12944094,989.1009285,75.71356306,7.694768269,5.99E-05,24.15958707,276.3826701,0.582914581,1,1
28.48000533,990.2066898,94.23700758,11.52017222,2.33E-05,8.822112454,395.9438813,0.765587598,1,1
29.06893358,986.1766193,72.86745475,11.98230459,9.46E-05,23.6346285,143.0923439,0.858219041,1,1
26.59759755,995.2995524,78.42330203,18.51140244,9.34E-05,12.67134782,271.2820744,1.396236249,1,1
29.22683123,980.1096893,72.80238257,11.32661363,0.000026823,8.991432318,67.00302797,1.143369725,1,1
27.05004116,981.5704154,69.23917242,17.02870929,8.59E-05,14.6613249,237.2318017,1.477853694,1,1
26.80225864,986.4607785,71.67468708,7.591359774,4.10E-05,23.21668454,326.9065283,0.911946549,1,1
29.73764318,981.453927,68.41104712,13.48832908,6.35E-05,5.791150131,231.3674411,1.149153965,1,1
28.79228219,999.1441971,72.82252897,6.402801854,4.56E-05,7.575088747,476.4306463,0.975170866,1,1
27.2690367,1002.989122,79.9179437,9.65051036,8.21E-05,22.34304302,352.8536748,0.546964422,1,1
28.26529152,1002.898847,65.46012048,8.430061271,0.000088837,5.402434437,388.727212,0.973773293,1,1
27.78708864,980.212896,92.77592924,10.39737351,5.64E-05,18.54601373,366.1833094,1.455980059,1,1
28.12535981,991.9915865,98.14814506,14.63165353,3.33E-05,7.529284908,429.1495257,0.862181603,1,1
28.64187889,994.1244926,67.95719119,14.02529913,1.08E-05,13.2668492,295.9767228,0.936046974,1,1
28.9946887,1004.837749,90.84972296,5.582194217,2.34E-05,15.73215019,470.6699182,1.334956775,1,1
29.37013803,989.0962458,77.17791588,12.06058921,2.00E-05,5.621362605,476.1063048,0.740712586,1,1
26.95979561,982.5013716,97.14031008,13.69605672,6.84E-05,23.23153775,205.529076,1.121507311,1,1
26.15519782,985.6031758,93.2498322,16.50152535,3.83E-05,12.53621256,290.0994951,0.500241005,1,1
26.96497734,986.2469543,70.01931787,17.08858764,0.000031569,8.830426441,276.9185574,1.365645036,1,1
26.96539882,982.3560873,74.25618943,16.21477737,5.73E-05,21.33586739,481.8164664,1.292662477,1,1
28.41521232,994.8002476,61.60276345,19.76482968,4.14E-05,8.044564278,350.0189849,0.784288289,1,1
28.34311308,997.6030372,77.82919284,17.54177923,3.02E-05,13.97265183,291.9614579,1.163624721,1,1
29.1358874,991.8442185,85.84187776,7.259164296,9.36E-05,12.66117613,378.2846399,0.520341082,1,1
26.82074857,994.6124763,95.13009871,12.90882725,9.33E-05,14.67593793,270.7020935,0.619746789,1,1
29.21062498,987.4089624,95.98449957,18.66236331,9.46E-05,15.40460978,354.6922032,1.27851588,1,1
26.52405847,998.0287158,61.37191605,12.46349125,1.97E-05,8.658458519,214.271405,0.932437167,1,1
28.4926897,982.2328526,80.14767045,7.739376954,5.95E-05,17.74809225,300.5191654,1.238295511,1,1
27.34243698,1002.953198,77.31068327,12.26276747,6.66E-05,5.36716768,344.2973996,1.118585149,1,1
27.23938847,982.5738285,63.637418,18.8483562,7.05E-05,7.542052275,210.5254262,1.092482994,1,1
29.34228682,981.3098279,69.46532526,18.34623485,5.87E-06,9.027982056,481.5608792,1.113401847,1,1
27.04668547,982.0097328,61.12765362,8.671176195,8.87E-05,13.31827309,374.1500161,1.418285035,1,1
27.63216185,985.7383211,80.68471723,18.62125531,8.14E-05,6.316596867,361.65776,1.071897523,1,1
29.62985271,983.6744425,81.36144453,18.1919404,4.40E-05,14.63989835,81.70730495,0.77814364,1,1
27.2980266,1008.353673,71.30669442,11.91303103,6.88E-05,8.243667448,268.8990742,1.23853904,1,1
29.46742085,998.7877782,86.76214061,6.894252089,9.48E-05,7.65148155,398.6028217,0.764816322,1,1
29.73437257,1001.598786,90.15254852,8.285887596,4.71E-05,17.35626389,396.4881282,0.603959376,1,1
29.84946127,1006.70662,70.81394362,17.34140365,5.42E-05,14.23612963,191.4953476,1.080968587,1,1
28.91955647,992.3279871,85.16876772,15.48969382,7.26E-05,6.039321963,436.8865126,0.958253315,1,1
27.04966433,987.2529352,79.32056451,18.30247309,0.000040943,19.99451494,93.56842894,0.976056702,1,1
29.96674456,1003.113134,68.42113954,12.52162211,2.72E-05,13.19121855,401.0378107,1.271224815,1,1
26.91240151,1007.6667,83.70272731,10.69886436,5.27E-05,17.10142507,301.9507393,0.986405036,1,1
28.01973122,985.2923573,92.50931617,13.1264048,1.75E-05,20.32314203,469.5997903,1.447306899,1,1
27.47607093,984.0655062,80.73598507,6.68913844,9.37E-05,8.671592547,163.744637,0.906636527,1,1
27.53265787,1003.839887,78.25267282,7.5615239,3.04E-05,15.1822677,116.3542628,1.111655676,1,1
28.26298923,1001.441069,97.50818462,18.68381842,9.49E-05,9.894311941,109.204388,0.802276701,1,1
29.58034069,1009.161604,94.37299804,6.650265817,9.50E-05,13.46716055,54.18963084,0.942393741,1,1
26.18427668,996.3163376,73.5421611,12.101524,6.33E-05,22.37602192,347.8557094,0.934048869,1,1
29.27771141,1007.167464,64.79039866,12.97899466,3.20E-05,5.941223958,350.8460128,1.362770778,1,1
26.65161062,1004.37241,94.13582934,18.71510664,3.02E-05,23.0790613,194.2982396,1.052338014,1,1
26.20202988,981.3164327,88.81492851,11.66719967,2.93E-05,8.808269921,351.4790709,0.500401544,1,1
29.22356468,982.3774882,67.6595846,10.79354593,5.11E-05,12.09990232,194.3204742,1.463916012,1,1
28.56631873,980.7029887,77.20703634,18.1251305,3.36E-05,6.891126896,391.2731472,1.106013832,1,1
28.28125003,981.6072968,65.61996039,14.33824094,2.47E-05,15.0814016,295.1967587,0.78350719,1,1
29.79370062,1005.273923,88.89494031,6.169907996,1.51E-05,14.85562692,122.3210071,1.478265464,1,1
26.63408094,994.6240351,74.56484227,14.59079632,1.73E-05,13.60632856,173.6172648,1.387751525,1,1
26.16234285,1007.411825,93.31976554,9.463560747,8.00E-05,5.624271207,485.0894976,1.026594943,1,1
27.2131241,990.8774964,62.65621414,19.84024271,8.73E-06,18.09814246,249.2311675,1.448916218,1,1
26.98399896,995.9626047,79.29424834,15.54299666,0.000011461,8.875782601,146.554169,1.238150755,1,1
26.75655479,997.2047529,68.60975282,17.92437425,9.45E-05,15.3698595,208.5389979,0.734057775,1,1
26.19912401,988.0550023,86.1694312,13.00425397,9.47E-05,12.92554525,362.238504,0.989322748,1,1
28.05030486,988.0332294,78.19803107,12.06177496,0.000072131,23.81279998,198.1945749,0.542200469,1,1
27.9851805,996.33384,66.73762205,16.40696909,9.86E-05,23.91549434,138.6977175,1.37536324,1,1
28.81797455,993.6153969,81.62443977,17.74400262,5.06E-05,12.46414738,271.9613719,1.079129804,1,1
26.75631062,1007.027232,86.96747795,14.49903376,1.45E-05,17.08347876,104.432298,0.578697675,1,1
28.10924358,992.083566,83.55241081,6.338332521,4.59E-05,8.495734301,494.1950387,1.061150212,1,1
28.74974744,989.7625484,63.78955659,19.63806294,3.22E-05,13.4761637,342.4387648,0.524697298,1,1
29.24103652,996.0973457,71.12868748,5.924119779,2.04E-05,22.90067718,358.7109008,0.749901722,1,1
26.26240306,1000.718459,82.89630904,11.06779287,3.95E-05,9.336285519,351.3250654,1.470668028,1,1
26.70286098,997.9134986,76.96740223,11.70033083,0.000029144,21.50269751,268.3650219,1.043405852,1,1
27.21904365,985.454254,63.43641553,15.71178711,2.36E-05,18.80150708,225.6694007,0.915774801,1,1
27.87670998,991.0312552,64.02479909,9.64447715,6.81E-05,18.31568803,178.8009383,0.960102627,1,1
26.77378891,986.3111624,60.92188354,18.45119825,2.50E-05,9.550677539,175.8206447,0.627408072,1,1
28.55705153,982.2542886,65.36809705,14.6713509,3.73E-05,19.15895653,300.8411351,0.756021173,1,1
28.6033118,983.4882104,81.45641532,11.55722158,0.000030448,17.08009995,442.1001166,1.4989047,1,1
28.43105108,992.1411762,69.00828401,8.856441341,5.05E-05,12.34555403,461.2165352,0.868295468,1,1
27.49377836,991.5060354,93.46480841,14.76182481,0.000063346,11.68286045,418.0568796,0.538363861,1,1
29.48318869,995.382497,75.93000939,12.45750921,6.84E-05,5.25530853,442.1983354,0.946739525,1,1
27.37186608,984.147367,77.57861497,12.44484157,4.33E-05,18.57320188,239.4034379,1.461417578,1,1
28.39711007,1004.224338,64.37423612,10.95936939,3.70E-05,16.38964776,437.501084,0.578338218,1,1
26.29029919,1005.509531,68.51400344,15.03129882,5.66E-05,21.6578719,106.2900094,0.629782966,1,1
28.22727344,1008.39136,76.59991033,9.904131504,6.26E-05,23.60897201,426.6175248,1.495483611,1,1
26.09027433,983.3857443,84.37871053,17.30864659,3.21E-05,9.784221761,404.1391097,0.556381854,1,1
27.47753059,995.1742767,82.41394697,15.92922735,3.87E-05,17.25368689,313.4189403,1.047616101,1,1
28.56193317,987.7834751,63.38595014,6.789075081,2.63E-05,15.00395871,428.1992377,1.201293342,1,1
29.15616242,990.5292687,76.18614967,10.90522829,0.000023228,6.224333163,315.9122418,1.489216683,1,1
26.66731882,981.4005446,91.18126727,8.7887901,8.38E-05,19.07873334,475.5530917,0.908927236,1,1
28.64787936,993.9456434,85.22354789,11.74398359,2.29E-05,15.15794832,287.8628906,1.310603848,1,1
28.94208282,999.9137487,64.53548382,15.80924436,0.000052529,22.88199072,463.9419204,0.555156591,1,1
29.28256624,981.1309217,74.68678503,13.13449963,1.91E-05,19.92627625,53.75961688,0.668599048,1,1
28.32318732,1001.431627,96.66572411,15.58244978,0.000068819,12.88682293,50.57799149,0.620159259,1,1
28.13821818,1000.253897,76.69793136,15.96018517,5.46E-05,6.483523912,136.4073129,1.339998223,1,1
28.89965099,1006.84286,64.70228996,19.85333802,2.49E-05,5.235597526,498.8403226,0.781073885,1,1
28.67207781,985.3004694,83.20914129,18.5605248,3.54E-05,18.40507952,134.556615,1.124795399,1,1
27.34580141,986.3362478,72.52728203,7.682616028,0.000090682,12.94373773,160.3756872,0.948407841,1,1
27.28214467,1002.332578,98.84879648,11.57050485,8.68E-05,16.31726147,120.7560493,1.190622742,1,1
28.05373799,999.5181957,95.5874965,11.60651856,9.06E-05,20.01338029,269.8722166,1.103222136,1,1
27.30232453,1009.507919,86.69404652,5.657702787,3.60E-05,17.46628868,75.34997501,0.523884191,1,1
27.80009696,989.9807054,77.53194432,8.940399648,2.06E-05,18.78286714,281.5570023,0.700154211,1,1
27.27835771,997.7542372,62.88917393,7.211795139,1.20E-05,21.24634665,388.5841549,1.253312932,1,1
28.86530137,1000.081563,79.07967662,14.63417245,8.64E-06,17.42928845,400.0449675,1.00035836,1,1
27.43005331,988.322802,85.71208201,15.39201798,8.77E-05,11.84668165,396.3975383,1.061355824,1,1
29.53134596,995.8343632,80.70519314,13.66815622,0.000076185,24.29380958,83.1035094,0.553434602,1,1
29.75020135,995.8962688,84.59612058,12.23635402,1.39E-05,20.36178757,386.2510903,0.811703322,1,1
27.22495698,1005.135241,62.89429031,18.21657723,2.94E-05,16.85969496,471.1973806,1.178122502,1,1
27.65771925,1000.686026,73.75918545,9.158876245,9.97E-05,20.01580462,340.1239898,0.855289643,1,1
26.19664332,980.9317063,82.16725022,16.43049082,0.000056051,21.81570144,65.04193989,0.866752076,1,1
26.94828156,993.418189,62.89505573,19.31197462,2.62E-05,23.44615551,241.6519198,1.485524133,1,1
28.21623353,1007.924986,60.21395955,16.22358209,9.08E-05,7.79441134,93.25663328,0.924572607,1,1
29.73471562,996.2715968,81.09825855,7.116891775,0.000005075,21.20280181,89.40855334,1.133849819,1,1
29.65846582,986.2595574,86.61091345,6.180478651,6.24E-05,8.278634419,381.1791022,0.801231295,1,1
27.85356404,997.9829163,66.85093643,16.12456728,3.38E-05,18.2474372,121.2273728,1.188117659,1,1
26.51275229,992.7606949,69.88824295,16.22562874,2.99E-05,22.63434613,451.3190951,0.696441315,1,1
28.45538378,982.6315293,75.66148398,15.69982594,6.76E-05,17.49401339,177.1433886,0.878024949,1,1
26.41178458,1001.570685,80.15555187,15.63148449,2.86E-05,11.48876457,200.3969018,0.52574241,1,1
27.36419149,1004.099137,95.89193983,12.77327473,4.83E-05,5.616492374,445.6419519,0.513010213,1,1
29.77900032,994.6764875,73.67737974,18.86327652,7.32E-06,16.6284979,297.019636,0.719320401,1,1
27.71554973,999.5679202,89.08524788,5.010752881,9.40E-05,8.290507448,155.1111954,0.763473446,1,1
26.15128055,983.6915637,99.45399692,9.728251061,1.60E-05,7.139825224,373.7569855,1.354568664,1,1
27.0278092,980.6272854,68.92360074,5.847735362,1.48E-05,13.6301624,153.4632669,1.015945879,1,1
27.01397501,1008.216119,96.23775872,13.50209158,3.87E-05,12.62293764,235.3335274,1.227579322,1,1
27.80655598,1005.701898,97.76379144,10.0391923,0.000058266,6.901130737,140.2110715,0.913465767,1,1
26.82481086,1006.296815,66.33145024,11.83491232,6.25E-05,18.83727816,222.3812164,1.369099069,1,1
28.2732766,993.1852334,62.68962536,11.97034203,8.30E-05,17.29082036,424.4731042,0.994011671,1,1
26.47384682,980.4091954,72.12878187,15.46985707,8.01E-05,10.91505669,273.0442644,0.921118904,1,1
27.64209114,986.9404614,65.4548442,7.950328374,1.03E-05,8.962614837,54.14040393,1.127258401,1,1
27.26550163,1009.194341,67.74868203,10.18742855,3.90E-05,5.169029921,427.6435789,0.53199446,1,1
29.76071934,1006.762231,81.42087664,13.15393362,6.71E-05,12.74100024,341.2500275,0.544768389,1,1
26.21619051,993.7169126,81.98489204,18.31726461,1.49E-05,21.45295854,144.5213018,0.894083649,1,1
27.26640974,992.0046582,66.01981992,12.55355112,0.000081156,13.83068021,270.7761092,1.348767585,1,1
28.82423246,994.7136323,70.30782593,18.2739012,5.98E-05,9.422952202,171.1038887,1.303133089,1,1
26.17658225,1009.762766,65.21406719,16.94102788,4.25E-05,14.84432367,446.2927599,0.91291119,1,1
28.14997501,981.4789899,60.09389895,8.671998095,6.97E-05,7.425297867,101.1928815,0.910960608,1,1
28.59134815,1001.36216,67.13802696,6.193822211,9.43E-05,10.21332765,434.0059239,1.363491451,1,1
29.09009037,985.0650082,92.87205837,16.53875839,6.17E-05,11.7440407,168.1288719,0.621889212,1,1
28.03902827,997.5578263,74.37355962,12.13038602,3.95E-05,17.82012115,455.5666435,0.663920262,1,1
27.52563524,984.2260581,84.99775082,15.93305764,9.35E-05,10.57743853,477.5950426,0.563262672,1,1
28.41205545,981.7139816,95.75096751,12.94713586,6.86E-05,21.63147852,117.6397801,0.538591562,1,1
29.51552458,989.4479968,65.15915632,12.02691856,6.18E-05,5.619412069,173.7030462,0.532799874,1,1
27.68134156,1006.853001,99.30609646,14.5557133,2.04E-05,23.1169878,282.3115204,0.653749312,1,1
29.68690668,1002.724072,89.26821091,15.63771056,2.40E-05,9.220133834,359.7318493,0.71972275,1,1
27.75468679,1003.460055,91.35810072,11.79892659,0.000080258,21.77243592,344.6490881,0.728425852,1,1
27.09604712,989.4452347,64.67216431,9.097394306,2.49E-05,14.106575,458.7968965,0.604480317,1,1
25.76214339,1017.182075,34.78770993,28.4514481,2.89E-05,22.27451042,3807.039059,1.257365458,0,0
25.5480787,1000.99278,71.97040188,18.96341694,0.000032198,19.4247564,3417.661192,1.772240276,0,0
23.7857055,1015.443173,52.81629619,27.88182739,2.54E-05,31.83617418,4026.625086,1.410504821,0,0
21.84067593,1010.152053,71.31086879,14.55265072,2.67E-05,31.12193496,1832.039628,1.642209637,0,0
21.96505259,1002.731986,69.71921125,11.97937247,1.43E-05,32.10218844,1797.699507,1.97304535,0,0
27.83787468,1006.706901,32.04891111,24.10126568,2.31E-05,17.01505688,3566.861813,1.031174909,0,0
26.96157352,1003.466313,36.36559394,13.51344596,4.81E-05,28.86338721,4026.720524,1.397634986,0,0
22.69050182,1005.8621,54.03240142,21.03657467,0.000031957,20.14237008,4748.404996,1.169758498,0,0
27.7252254,1000.371403,54.05628459,16.66735676,0.000023007,26.41329158,2234.386874,1.41484685,0,0
25.86178732,1017.146907,71.6635641,14.99917962,3.09E-05,26.70389571,1911.715273,1.486057542,0,0
22.51025715,1003.54611,40.69006053,12.11027293,3.45E-05,28.21454786,4757.971221,1.729678414,0,0
20.41636671,1022.106129,73.13375815,18.86640642,2.97E-05,34.52156665,2708.291383,1.905321828,0,0
20.66431006,1004.776297,52.03774717,21.69513617,4.10E-05,34.7652423,2005.372333,1.047415636,0,0
26.40937203,1015.109518,39.92714294,19.89656913,3.74E-05,30.40823574,2548.130219,1.30521453,0,0
27.78994066,1016.584065,50.41187597,15.60926448,0.000036824,19.84366891,941.378946,1.529833889,0,0
22.31989914,1015.722629,35.89693374,23.09882209,1.49E-05,15.00485869,721.9866826,1.933615378,0,0
26.93883711,1005.840226,68.91859523,22.17143186,4.86E-05,22.47211319,3439.157001,1.063535722,0,0
23.16997877,1024.095442,56.94904372,15.75759007,6.89E-06,29.0705668,3259.794613,1.373938714,0,0
27.60753081,1000.55507,45.18619258,28.42138973,1.67E-05,20.04505668,2717.680009,1.82380175,0,0
20.82517409,1023.575518,69.75364406,13.62500511,3.59E-05,22.69917445,2071.243923,1.783290092,0,0
27.70227846,1003.166397,51.03151184,19.61883216,1.94E-05,22.26378247,356.1164711,1.685538621,0,0
23.48971534,1004.869845,70.80167512,26.05121496,2.48E-05,20.96901322,3226.654356,1.288152136,0,0
21.88806344,1018.262866,32.01626199,11.89536942,1.33E-06,18.05886373,438.0510427,1.995802368,0,0
22.31047976,1003.7317,42.0498129,28.72251143,2.65E-05,22.29636193,4379.618144,1.394990271,0,0
22.68006856,1005.182063,48.8898412,16.33368712,3.42E-05,20.79165409,2928.278757,1.065892165,0,0
21.53031325,1010.185132,76.8474627,17.54503971,3.35E-05,20.10174445,722.4645223,1.0585366,0,0
22.44330799,1003.941526,38.7005224,25.21518617,1.78E-06,26.15620251,1959.360765,1.50655,0,0
24.5026419,1007.834192,44.75544301,24.66803699,4.37E-05,18.85163265,578.3319266,1.897795806,0,0
22.79916371,1013.782935,47.97715723,12.51604673,2.99E-05,25.50281704,1094.66844,1.451869045,0,0
26.37558003,1014.760653,34.84586635,20.96042994,3.54E-05,30.85406812,3182.676135,1.152658165,0,0
25.68138613,1016.933546,31.22134415,18.23495335,1.73E-05,28.38824129,1159.06548,1.590871923,0,0
27.30564769,1019.945059,76.07288681,29.57011934,1.52E-06,27.45482553,2122.913049,1.85985449,0,0
22.01451762,1024.525737,60.68539848,25.87074804,5.19E-06,18.6691577,3816.177998,1.021986522,0,0
26.53502389,1000.348725,62.85594195,17.3018784,3.10E-05,28.92062814,1778.128574,1.107962448,0,0
20.55716694,1014.723401,56.03276769,24.84402018,0.000025977,23.4489158,2050.627173,1.026446903,0,0
22.68445761,1024.400504,73.67777881,16.58756134,0.000029802,31.94593491,2262.24425,1.017957864,0,0
20.59608369,1012.759818,78.47196878,23.86419084,4.47E-06,18.78721752,3879.483402,1.84143976,0,0
24.94155669,1016.110579,31.41687252,26.57060519,3.96E-05,20.18070288,3572.515928,1.214854606,0,0
20.32264129,1005.028414,38.93144384,16.75495993,0.000021504,25.17077783,2436.09399,1.270674606,0,0
20.23336535,1015.127541,49.78724149,15.97344315,4.35E-05,29.93486616,4303.051187,1.494982795,0,0
21.04745002,1017.405536,40.303689,18.82459338,0.000004185,31.50616805,717.1091411,1.903097507,0,0
26.91384482,1011.614569,67.21841022,22.38890148,4.04E-05,23.63610202,3950.461573,1.462456817,0,0
27.5277263,1012.159303,53.1309636,25.70143723,4.13E-05,26.08978229,981.0092861,1.467758231,0,0
27.74458002,1018.824655,70.55813019,10.65650998,2.39E-05,27.93242267,4167.16015,1.049273654,0,0
26.81951109,1013.710023,39.86569853,16.34510433,1.48E-05,25.61718069,353.2598316,1.158536159,0,0
26.50154435,1003.3151,41.66981347,19.06741211,2.63E-05,30.27220959,2291.928891,1.789864621,0,0
24.94677046,1002.827493,37.81657192,18.74067451,2.04E-05,29.87088539,2945.611985,1.388133081,0,0
21.36608227,1005.670928,58.77505092,18.4687761,2.62E-05,18.41354871,3348.240636,1.852538741,0,0
22.06351605,1012.287856,78.77636645,16.66483481,3.02E-05,16.803914,3069.473512,1.089631773,0,0
27.67388348,1017.891566,69.40798941,24.08208722,2.99E-05,23.99825562,4306.029561,1.956835668,0,0
23.99228938,1023.288376,59.1666455,20.76768374,2.33E-05,19.18575523,118.226338,1.241506227,0,0
24.07778537,1009.498999,52.4242614,29.61296439,1.82E-05,24.04365879,754.2262016,1.047957732,0,0
26.20327612,1014.267079,68.0352403,12.99725598,2.90E-05,20.07284949,1217.502903,1.011526014,0,0
21.04272579,1007.731703,35.84393803,29.71716881,0.000016123,17.60647893,1075.503333,1.587703228,0,0
20.51234819,1021.560853,78.07498396,14.93494841,2.31E-05,15.44268902,3239.480101,1.413926058,0,0
22.16046773,1005.170928,62.70115388,18.32434062,9.80E-06,28.78218163,2868.854187,1.858672055,0,0
20.93980719,1019.641665,63.67583934,12.30021874,3.50E-05,23.83094578,4730.425449,1.141611351,0,0
25.14266713,1009.549501,77.84073353,16.59949791,4.81E-05,33.02971702,1424.877853,1.803541777,0,0
27.96483361,1006.316575,51.83885847,20.40361473,1.55E-05,15.30529679,1178.633297,1.281936884,0,0
23.54879761,1004.277562,73.66271783,24.09822265,5.17E-06,28.00184902,3302.916734,1.956221174,0,0
20.02416697,1006.198311,76.38957397,28.64267831,3.63E-05,30.31526642,548.2664939,1.513875835,0,0
21.85266393,1004.530451,70.51516496,12.70076273,2.40E-05,33.77156479,1010.577072,1.977993424,0,0
27.95430389,1013.890429,38.50713701,16.32209776,2.18E-05,21.18648449,1475.114341,1.972229709,0,0
21.22691862,1018.333198,30.02051447,21.92365339,4.59E-05,20.75868188,1009.077279,1.651679795,0,0
25.70081126,1017.200763,45.965844,15.04404804,0.00004784,33.46599017,2340.851388,1.846193866,0,0
23.61858782,1010.609725,37.83814738,18.52812113,2.73E-05,15.45008655,2276.153725,1.781356218,0,0
25.44036845,1015.878925,75.47777142,10.3606402,2.83E-05,30.74697697,2752.543375,1.323895553,0,0
21.09000452,1022.189077,53.53811962,27.56230394,2.97E-05,28.48384233,4040.879656,1.659155545,0,0
23.18443873,1012.840835,70.15227623,17.47300593,0.000020018,16.91380232,4581.463733,1.091036315,0,0
25.18567342,1010.329862,50.28096951,23.59103673,4.29E-06,26.87411566,3882.955751,1.828212758,0,0
21.36424312,1022.435476,62.80730459,27.63709602,2.48E-05,25.8406669,4603.287557,1.899909543,0,0
23.58528699,1006.860316,49.65852173,17.75528657,1.51E-05,20.37159209,4319.208389,1.069861921,0,0
25.42088946,1004.320501,47.22529467,11.23086068,1.42E-05,30.36842142,4436.57509,1.221527152,0,0
23.70838271,1011.758101,73.67876529,25.25598106,2.61E-05,28.41494401,4252.039764,1.009538954,0,0
23.22312025,1022.681079,67.01565154,20.85682749,2.70E-05,21.95540195,2650.550615,1.6553832,0,0
23.34690431,1017.853829,73.06161136,13.09369696,2.31E-05,23.16040183,3468.57754,1.249867465,0,0
25.12200732,1021.937231,50.90657999,28.220314,0.000049665,17.121841,1241.960621,1.950379752,0,0
27.66662149,1002.442682,30.74992502,13.22200047,4.98E-05,18.59999233,2562.483273,1.848417726,0,0
20.16321289,1015.112225,43.85127244,27.24669833,1.49E-05,28.73511441,3403.676199,1.221493549,0,0
20.2783936,1010.231239,44.4596576,26.17955499,4.02E-05,24.14047904,3071.909904,1.604259516,0,0
26.61726519,1010.62506,43.77233399,15.30069836,2.73E-05,23.98296405,2256.591778,1.091137339,0,0
25.74882993,1005.343417,39.84768151,18.25516641,1.22E-05,26.67716535,1920.170363,1.448911723,0,0
24.29735457,1005.088388,37.78758114,27.60843806,2.23E-05,23.24187219,274.4995363,1.497976303,0,0
24.43335777,1013.971022,65.35155847,13.5496367,1.34E-05,31.2146093,4741.136023,1.135932747,0,0
23.98119644,1005.354406,33.00365842,16.51006676,8.04E-06,29.19866147,2715.254527,1.143834471,0,0
20.07393271,1020.203926,38.80972031,22.12433284,1.75E-05,26.70971877,1646.702772,1.086939561,0,0
21.78360007,1004.701464,51.40096762,23.16567567,1.39E-05,15.24139871,2642.793085,1.605759489,0,0
27.70296395,1014.73677,53.55862797,21.46803252,4.65E-05,31.56756291,1682.595793,1.237254364,0,0
22.1010689,1012.610526,67.20247256,20.06438414,0.000004322,29.47161401,4049.25363,1.289497865,0,0
25.31300591,1010.664798,74.45596779,26.90451116,2.67E-05,28.83011092,4428.413535,1.49571701,0,0
22.50600592,1018.841653,41.00331274,17.77062296,4.34E-05,29.48844681,2078.673926,1.214744502,0,0
22.84774713,1007.102604,38.8044644,24.86665827,1.34E-05,24.0833494,1990.711289,1.982077379,0,0
23.12873795,1001.999562,34.49128763,21.81507443,3.04E-05,23.37517981,2216.034092,1.053932583,0,0
24.13237208,1012.618487,37.47746593,12.07678772,7.06E-06,17.02056493,3087.570158,1.196482652,0,0
22.01144122,1004.339304,77.89176522,27.09234926,1.23E-05,21.55132588,1128.474927,1.49187596,0,0
20.15688426,1016.7842,56.15790749,27.97277857,9.06E-06,31.08218492,3980.608971,1.127181189,0,0
23.18847379,1004.253816,42.73602502,15.2649235,2.83E-05,23.22821864,4743.89074,1.126370142,0,0
27.78953708,1005.765966,68.64369682,16.77939852,0.000008011,32.1577837,1613.418406,1.658855404,0,0
24.53154948,1011.793908,54.79097363,24.64475828,5.30E-06,28.36361324,4489.479297,1.057788197,0,0
21.12522671,1017.915798,51.86408241,18.07097242,7.71E-06,25.13540081,720.0720249,1.476620456,0,0
26.10892239,1006.456609,54.03930841,29.84031939,3.46E-05,31.82713543,2132.753272,1.767860923,0,0
20.32407338,1003.07278,40.15352965,18.03903849,4.24E-05,21.92532102,3307.643848,1.709314295,0,0
24.68945883,1008.931049,58.85266709,16.84531186,5.11E-06,34.85607956,723.1940228,1.072348384,0,0
27.02824599,1007.545867,62.5148487,16.58011459,2.02E-05,20.24225944,1780.915628,1.410700401,0,0
25.76332855,1012.788405,77.17826086,10.83760788,2.57E-05,26.68449578,4608.965232,1.049158524,0,0
24.58799668,1021.340748,42.09638641,27.52584697,1.93E-06,29.64909258,4672.254784,1.657197662,0,0
23.51223395,1001.122025,76.00569067,19.40592445,2.42E-06,28.79642143,2461.002543,1.124345317,0,0
21.71417447,1001.612267,58.71467699,22.44058959,2.58E-05,31.34204266,4318.943224,1.615624397,0,0
20.10205184,1017.380741,50.89996085,21.31114966,3.28E-05,22.00473229,4593.782675,1.133974867,0,0
25.37209446,1000.108989,76.23255527,12.25008266,5.65E-06,21.66015266,1930.474802,1.214300072,0,0
24.68097329,1011.072852,31.70877945,16.39304125,4.07E-05,28.7940307,3651.867183,1.698116924,0,0
22.48778417,1002.491598,43.6233592,26.635706,4.90E-05,24.87694029,147.5317391,1.140044812,0,0
22.5766446,1014.464634,33.75468229,28.86714597,1.89E-05,33.25168436,3924.556834,1.755437273,0,0
24.85375664,1015.669595,61.90016176,22.57442774,2.81E-05,34.72828037,3688.22378,1.776946388,0,0
26.97970252,1005.390994,34.19020795,19.65788873,0.00002619,31.5836356,2274.539538,1.570853026,0,0
24.21656751,1000.95507,60.76074483,26.56086572,8.72E-06,26.88663468,3008.691668,1.164184964,0,0
20.98770859,1024.501299,49.68595848,14.54843457,9.39E-06,28.35203427,3086.281957,1.643552123,0,0
20.70404822,1022.338365,49.46331984,16.26738813,2.37E-05,22.80132132,4331.527315,1.929260975,0,0
22.42762573,1021.598395,69.07615648,28.61615345,1.30E-05,26.539183,1445.268465,1.824094491,0,0
20.04259352,1014.120479,46.96017156,16.45367414,3.26E-05,32.02968899,3085.057418,1.853172979,0,0
22.1167769,1012.987546,52.52682695,10.23289799,2.83E-05,28.23048648,3000.380582,1.736279899,0,0
24.57071623,1001.668756,35.8222762,21.92949155,0.000014474,16.59290258,2205.053443,1.554322598,0,0
22.62996791,1018.010843,62.18853041,16.65636722,3.80E-05,27.97390085,3223.482356,1.553427701,0,0
20.09111734,1017.41268,48.80208956,28.8521942,4.11E-05,26.75388939,1335.691711,1.203717393,0,0
22.7230787,1011.914199,44.8032755,20.29858991,9.10E-06,34.55425626,628.8303193,1.93194414,0,0
27.30862409,1013.134012,66.24551359,18.72096596,3.19E-05,21.81151875,1575.679197,1.578229786,0,0
23.98503739,1014.488409,44.33302906,17.33915664,0.000005111,16.04552745,1341.939935,1.074246859,0,0
20.83019767,1020.32321,31.94368485,23.17885588,1.44E-05,32.43091361,2476.462194,1.305576459,0,0
24.14111149,1009.54895,58.21505323,12.29065737,4.99E-05,23.51111755,1806.330135,1.710209848,0,0
22.91119525,1020.831858,52.71353622,24.39116827,6.27E-06,31.92238371,3705.018135,1.211716779,0,0
21.16228808,1007.907309,78.8035293,15.13663149,2.34E-05,15.60040451,2046.414895,1.571320015,0,0
27.6249969,1012.918401,70.95536631,20.94255285,3.00E-06,21.3001655,2920.192588,1.950593966,0,0
26.87304288,1005.70889,41.0054915,14.02345934,4.62E-05,32.05332306,3896.928818,1.392735114,0,0
24.03504563,1011.608294,42.66990538,20.10056092,2.49E-06,17.63620747,4444.289021,1.751679767,0,0
23.38294727,1012.928759,48.4999443,24.81559734,3.94E-05,30.2657038,3640.797452,1.204504339,0,0
22.70375983,1011.746136,46.53964957,25.098804,1.71E-05,17.76464174,2055.298215,1.979914433,0,0
21.8070513,1015.303966,51.64865249,11.42049135,0.000024906,29.04328657,2614.777882,1.872106064,0,0
22.31149613,1002.156229,76.82828058,17.56392699,2.92E-05,30.84006252,1689.136953,1.716164538,0,0
21.0833508,1007.282344,37.23553181,26.22461117,1.19E-05,29.34807111,4722.162147,1.527772209,0,0
24.32023354,1011.525839,46.29450717,19.51310062,3.05E-05,34.71983144,4695.046341,1.862152958,0,0
27.11304429,1011.69623,62.87221636,27.90133446,2.03E-05,34.23524957,2137.351704,1.601082665,0,0
25.67843771,1023.7648,42.2308137,24.92261956,0.00002652,20.37114281,3905.373515,1.55222228,0,0
25.28779057,1008.072527,54.06369759,22.34708502,2.08E-05,18.9674508,4812.038412,1.51146754,0,0
25.87136296,1010.27618,47.7565882,18.14328597,2.11E-05,25.88360232,2763.002363,1.497153816,0,0
21.07828628,1012.401887,38.45519502,12.52271573,4.67E-05,27.09900026,3331.501285,1.40179367,0,0
27.27184714,1015.948262,68.45849348,17.37124938,4.80E-05,31.4092258,4284.347469,1.172194267,0,0
22.16770566,1007.140665,43.54546116,27.10816324,2.56E-06,16.52199978,1442.182866,1.199872975,0,0
21.85487691,1019.94858,58.15632969,10.11541323,2.20E-05,23.15769854,658.3318203,1.676141789,0,0
25.61677751,1018.02233,66.42354728,10.00105654,4.77E-05,31.28417534,4529.510313,1.015643295,0,0
27.47087037,1020.244713,71.86095715,11.86574769,3.72E-05,34.19833379,3424.881973,1.570561405,0,0
27.56503742,1011.073428,59.96467832,19.52676587,4.67E-05,16.52169454,2555.486534,1.686952441,0,0
26.33525231,1014.575466,75.44588721,28.83982894,4.15E-06,23.04741079,214.9492064,1.329416657,0,0
24.29494574,1022.769873,72.32771612,12.54999453,5.56E-06,26.78534678,2707.378065,1.266377641,0,0
27.19562468,1023.18416,50.13057192,27.80605114,1.98E-05,29.73633664,2432.116866,1.122583157,0,0
27.42347361,1011.352415,66.72435202,17.34347629,1.93E-06,17.01060717,2531.47545,1.689964357,0,0
22.67788261,1017.387211,64.93177947,24.07871815,2.51E-05,33.297723,2497.062938,1.450265194,0,0
21.59504655,1007.691377,32.11672463,22.67070587,1.32E-05,21.08310509,3876.991156,1.327221183,0,0
21.93756714,1004.226444,68.74292011,12.59412516,2.32E-05,25.13860232,3468.210572,1.633283482,0,0
26.48576538,1001.118786,44.82203624,15.60268238,8.15E-06,20.78356508,1617.850039,1.521884462,0,0
25.30963583,1009.527513,65.97351157,16.72330677,1.52E-05,25.82376112,216.2101655,1.079789124,0,0
23.34375635,1023.572818,66.07558899,11.76253139,4.25E-05,29.64601541,3093.637976,1.820292961,0,0
23.23287878,1005.537526,55.60116946,20.97683511,0.000027378,26.30147583,4748.654099,1.902245623,0,0
27.00573629,1020.03542,77.17140536,11.96989283,0.000013991,24.90111891,4248.019016,1.505165712,0,0
25.98427791,1003.473998,42.62069065,24.6355219,0.000009072,22.02711869,1397.844663,1.349861694,0,0
25.66659239,1009.19618,57.76316613,11.99863754,4.04E-05,22.39777251,3277.817379,1.725389602,0,0
21.67728738,1022.116875,60.81121258,18.57450284,9.93E-06,33.84601876,3799.8342,1.208024563,0,0
22.7016862,1020.241856,64.78388316,25.31568585,2.26E-05,29.32952525,1993.819242,1.211262917,0,0
25.06141628,1024.400348,45.53004857,19.21939184,3.40E-05,25.83012564,4232.796199,1.761742707,0,0
20.46637763,1024.960531,67.62012269,27.27806633,3.29E-05,32.12570256,650.6765772,1.347737836,0,0
27.01136755,1005.04138,33.91210493,25.7623788,4.19E-05,18.25304436,4286.295316,1.686767796,0,0
24.16066147,1020.756255,50.96246247,13.87987912,1.50E-05,25.10328037,2703.520884,1.805580826,0,0
26.33082179,1014.534164,69.03927417,13.83546917,3.45E-06,32.47267645,470.2170194,1.24668843,0,0
25.5625516,1010.236198,73.8156985,15.95959589,1.58E-06,21.01311281,2932.567741,1.375938375,0,0
24.27898205,1021.914953,75.62425271,15.31948129,2.36E-05,25.9828803,4750.651039,1.998617319,0,0
21.88325799,1018.174497,48.90155311,10.16216394,1.45E-06,24.21132015,2492.841074,1.022569697,0,0
25.49541933,1007.350085,57.99465508,16.01838146,9.19E-06,23.14347477,1238.139487,1.534800977,0,0
21.59062824,1012.710149,37.86892574,23.41949419,3.79E-05,17.20788469,2392.231819,1.070871701,0,0
24.78545956,1006.610107,56.38122284,20.34922019,4.63E-05,25.98166445,2956.692551,1.401653126,0,0
27.59263683,1019.429648,44.27026452,26.88419172,2.22E-05,31.57334287,4132.151535,1.188870187,0,0
25.60912905,1007.266074,44.8746335,15.92696154,3.66E-05,19.59652084,104.4385927,1.715236854,0,0
21.36947795,1002.61206,41.87580603,17.59801045,2.43E-05,15.89140081,4855.80933,1.716063053,0,0
22.58555252,1007.967431,52.42712747,22.52489646,8.17E-06,18.77859628,4311.229456,1.256254924,0,0
23.04155998,1021.781796,63.15739147,16.83423759,3.45E-05,15.39366431,3704.649034,1.487016041,0,0
26.50545718,1023.865941,76.28942747,28.18530087,2.61E-05,22.20284228,2378.673091,1.689896003,0,0
27.07198222,1005.174658,75.90965792,26.30360464,4.90E-05,32.60503547,1471.692915,1.105955911,0,0
20.89792858,1007.280583,60.7091862,26.08640652,4.51E-05,27.47506769,127.5934325,1.186316777,0,0
20.79780963,1009.083112,55.06754968,10.86794357,1.81E-05,18.58359349,3270.643815,1.464272369,0,0
23.96254118,1010.692295,77.80098552,14.2947025,2.63E-05,29.72034737,2828.537624,1.929020886,0,0
23.02374685,1011.591895,34.42611576,22.17998222,1.51E-05,18.20618079,2768.203335,1.532310263,0,0
20.60697313,1017.455386,61.18860953,13.78034565,2.40E-05,29.40645833,2694.235129,1.395489076,0,0
22.57870766,1015.259847,76.95543492,23.43489681,4.66E-06,24.21369947,4465.038244,1.094462426,0,0
27.9110057,1023.726735,33.91372404,28.66826641,1.88E-05,31.89418334,2150.078355,1.440855113,0,0
25.07394473,1019.361935,31.68945755,21.86311991,1.01E-05,21.91899036,1805.046464,1.46906034,0,0
22.6730913,1002.684028,37.28143693,10.66875971,2.40E-05,34.0889539,666.8085959,1.946264493,0,0
25.86689212,1015.93747,62.26388777,26.53455297,6.24E-06,25.09508647,3515.746577,1.586820445,0,0
26.66223257,1001.806793,64.53505198,20.68055461,1.96E-05,21.80549964,3142.079901,1.890995375,0,0
23.96940741,1020.618079,50.10781909,12.04788926,4.01E-06,16.02668743,1962.735696,1.337237751,0,0
25.74349619,1018.570538,32.54269844,14.42246526,1.44E-05,25.95223968,808.1245971,1.133941219,0,0
27.55031111,1020.105073,39.0327451,18.13135616,1.84E-05,30.82008148,2600.043291,1.127849737,0,0
25.91193651,1009.922199,43.14621238,17.50997244,2.54E-05,21.86231033,1285.338286,1.398502029,0,0
20.15338329,1019.312446,38.54724468,10.87809227,3.30E-05,30.47872258,4087.762745,1.493509183,0,0
21.64294548,1018.430692,64.98565386,14.92541468,0.000045267,17.08742916,4915.172374,1.860247811,0,0
25.50318916,1023.468747,66.11555842,13.80913994,2.27E-05,16.43006049,2009.321369,1.74160302,0,0
23.09154681,1008.257354,59.76778613,27.44409058,3.33E-06,22.70940869,875.3796349,1.695354251,0,0
20.84579648,1016.620194,44.30904354,13.97833627,4.69E-05,15.37049153,2245.108632,1.021626993,0,0
23.86874438,1012.526184,46.08312357,12.64323555,0.000019443,28.4452588,3933.739462,1.530750602,0,0
24.71867516,1005.015409,44.36651666,13.2379122,1.32E-05,19.4977356,2645.299053,1.562688756,0,0
27.55957937,1004.889266,62.08378551,26.34518538,2.85E-05,20.10007305,1386.496127,1.039253053,0,0
22.44355381,1018.615092,32.37588786,14.38590565,3.56E-05,30.65303126,2331.060209,1.698074339,0,0
23.10361735,1003.997831,49.90747468,21.5993564,4.75E-05,16.37501904,2586.23106,1.328919778,0,0
24.06649355,1000.599386,45.65126774,26.39736295,2.81E-05,24.01164986,1499.072851,1.298042523,0,0
23.06481147,1020.889268,78.36066034,18.77310763,2.03E-05,31.93101552,2191.836071,1.552018172,0,0
21.84753332,1018.587563,56.59941591,26.180691,3.93E-05,19.30009537,3606.614198,1.800054408,0,0
22.76885793,1004.315228,30.13160778,19.01807306,1.83E-05,26.09819668,1021.401354,1.859665548,0,0
22.06204173,1005.66074,54.03570282,19.97702047,1.15E-05,20.43721453,931.5556719,1.718460178,0,0
26.16071225,1011.558212,65.70435113,24.71870784,7.78E-06,34.3235605,4123.056541,1.204483461,0,0
21.48932029,1003.141529,36.91892813,24.96323598,2.40E-05,30.65868345,3756.648982,1.604612714,0,0
25.49093285,1000.458893,45.58888234,22.75644359,1.46E-06,15.65953887,4274.251114,1.684024862,0,0
22.12295787,1017.199071,69.62283346,16.13588566,2.77E-06,33.65558249,1791.381208,1.106481763,0,0
23.93485497,1019.211695,41.08236573,15.389801,0.000012893,34.83346106,1067.278295,1.575520217,0,0
27.40211713,1003.672414,78.54270989,28.94954469,0.000044344,19.29113043,3206.869774,1.760891473,0,0
27.88822343,1004.510596,68.30129498,16.7760234,9.61E-06,23.42753882,3989.79597,1.464849804,0,0
24.3001848,1024.878985,49.95546498,22.30801509,0.000018897,22.85571293,3508.639692,1.937886976,0,0
24.3388716,1019.209998,34.46032794,14.22316075,2.56E-05,15.40023447,1338.989396,1.51740129,0,0
20.11968959,1006.613657,55.70154097,21.46298496,4.64E-05,27.90691247,2132.205432,1.930351177,0,0
26.27906387,1005.000223,36.54211807,23.51623271,2.84E-05,30.79347228,3720.144745,1.625211534,0,0
27.89105737,1013.339743,35.65528783,26.5654713,1.33E-05,30.54604296,4789.82477,1.696795514,0,0
24.76824129,1011.509654,48.2204933,17.06009502,3.22E-05,30.02546234,3424.73364,1.198410101,0,0
23.95189744,1019.791002,53.78520391,20.73246559,3.88E-05,28.22530613,2105.790112,1.895412711,0,0
21.30053655,1024.887911,35.94262892,10.29899942,4.46E-05,19.89907017,3675.528174,1.811015375,0,0
26.87189113,1024.789856,44.7019855,24.20486684,6.65E-06,23.13618583,4255.061297,1.367658046,0,0
24.72876304,1012.594336,62.29757656,29.45788779,0.000003731,26.47923035,4328.841018,1.481382712,0,0
20.62821749,1014.013484,46.60369454,13.09883571,4.26E-05,25.43199026,4673.054421,1.806016505,0,0
25.54377435,1000.125638,51.39117283,13.94972563,4.56E-05,18.49167969,1501.694253,1.516836768,0,0
22.10690895,1005.246617,59.95496626,11.77859046,3.85E-06,22.4449059,3631.255827,1.554806758,0,0
23.38301175,1014.143789,48.27257423,28.72292671,3.69E-06,28.46782958,4467.285058,1.803884709,0,0
21.47232828,1007.398159,65.85239694,11.68541118,4.08E-05,29.37813889,3675.072581,1.10024137,0,0
25.74208436,1016.995453,71.54612454,10.83191913,2.13E-06,22.460142,829.0625909,1.558384478,0,0
27.33879121,1009.786993,72.24751886,10.00481749,9.26E-06,15.60847079,1707.921185,1.908189596,0,0
20.77561699,1015.160244,52.57479696,28.76936425,7.00E-06,19.24055701,244.7556462,1.43393525,0,0
22.2226632,1021.747648,60.24704066,22.28181476,2.71E-05,16.83700674,2280.59155,1.99950519,0,0
26.68183433,1022.336476,71.16131796,12.06083387,0.000012145,15.06243303,1587.199612,1.108607402,0,0
23.78234676,1016.928187,73.72526475,24.9843433,4.70E-05,16.07796581,159.6811935,1.661338114,0,0
22.31481928,1006.337525,46.54435438,15.39592116,2.61E-05,23.80296894,2610.899902,1.672713612,0,0
23.09704407,1006.282692,38.31002684,16.98948239,3.73E-05,30.1340982,3367.836395,1.234028175,0,0
24.70468997,1014.267242,54.21330991,20.99957973,2.51E-05,26.30912732,3605.979178,1.109628194,0,0
25.99700602,1003.397154,33.33139992,29.52159372,4.79E-05,16.2087309,2271.941863,1.186244938,0,0
23.88275918,1020.754431,77.53058874,22.68505307,1.83E-05,27.06651131,1628.8064,1.909823641,0,0
26.9632037,1013.955794,46.23994577,15.86779351,2.64E-06,31.31641702,2306.877744,1.325132928,0,0
23.76888284,1020.46845,36.23071039,27.15311976,4.50E-05,33.9341583,2047.691163,1.217140404,0,0
22.98912655,1008.322802,38.80769563,22.1453334,2.44E-05,32.31401985,257.3369444,1.643867928,0,0
26.10359103,1018.987164,74.30369835,24.58067486,4.65E-05,21.653132,2565.726142,1.014079663,0,0
20.0556607,1006.003166,35.04035986,15.20422736,9.68E-06,15.5704005,4555.590317,1.008223131,0,0
25.88865715,1003.803697,75.6114811,27.85591879,3.30E-05,28.444683,126.1617957,1.984871566,0,0
27.02266083,1022.377656,62.96222685,16.89573857,4.48E-05,20.83033856,2857.286562,1.099730972,0,0
27.37564504,1003.519261,41.24484029,21.16268316,3.84E-05,27.38702612,1237.456173,1.000943043,0,0
26.05720464,1024.630183,70.49565602,19.20413236,4.53E-05,23.19695346,2672.177013,1.477129767,0,0
23.58099098,1019.379769,56.33844536,16.33434244,1.36E-05,15.75494634,2957.656293,1.229961415,0,0
21.18507138,1016.345749,64.06046289,25.04309785,2.57E-05,32.8810921,4688.079492,1.80737094,0,0
25.08474786,1007.593024,79.14724608,15.48272334,1.09E-05,23.84308228,378.5187965,1.978494465,0,0
24.70746845,1013.923802,62.789814,19.94047296,2.57E-06,27.24622578,3609.251997,1.416749061,0,0
26.05836458,1005.675032,41.06382955,13.22833975,1.92E-05,31.94024071,4156.769105,1.382824208,0,0
24.71294989,1018.020408,42.06033873,13.36282172,4.86E-05,27.35114626,4908.937037,1.337755987,0,0
25.6242536,1005.565091,43.06000856,20.23804243,1.67E-05,18.35243128,1388.11544,1.035748395,0,0
25.63538897,1012.302916,34.71215332,13.43387986,6.02E-06,27.25185617,561.6307817,1.754282333,0,0
20.16408735,1006.234395,74.53333379,24.37062636,4.58E-06,31.42252209,2515.872096,1.846783027,0,0
24.8059182,1017.045826,79.67507802,14.64671092,3.16E-05,24.2064278,293.3145693,1.014470642,0,0
20.95382862,1016.227294,58.3581544,21.06859122,0.000002561,24.38605993,4630.651807,1.397591869,0,0
24.99937976,1019.495467,69.19626396,20.38560165,4.30E-05,22.82756187,4454.596752,1.240227166,0,0
22.24173126,1001.328016,69.77909183,18.34110472,1.22E-05,19.63580555,4516.859712,1.833916601,0,0
24.42824708,1015.40277,53.71627853,17.83333086,4.59E-05,17.51225407,2150.38927,1.344561908,0,0
23.98520576,1011.440797,55.94447658,12.79837954,2.61E-05,19.84837628,1003.22361,1.064834219,0,0
26.10122047,1010.686048,61.33218417,24.55186687,3.43E-05,24.41001438,2000.702792,1.37595991,0,0
25.12039038,1012.369859,72.4566124,27.49403969,9.36E-06,17.72467303,3188.964538,1.301225748,0,0
20.14856575,1022.216067,41.34503836,28.58561303,3.62E-05,30.2530698,1087.161329,1.234194426,0,0
24.17014203,1004.302496,45.27158463,16.42924956,8.82E-06,19.10365667,3963.904026,1.167195855,0,0
20.22765913,1015.733874,78.79915597,16.62427629,6.81E-06,26.40774651,4541.135634,1.78406178,0,0
24.98012695,1007.876412,57.09400866,11.82489683,3.43E-05,29.50192038,4828.654952,1.260397359,0,0
20.14765135,1013.640212,65.33952522,25.80814952,1.05E-05,20.23505738,2611.695534,1.33060081,0,0
26.88409189,1011.844004,69.97893221,21.61239521,3.89E-05,21.65345973,4173.941447,1.274572316,0,0
24.36879046,1005.350178,53.77632608,16.36350419,1.41E-05,34.33970036,884.3631169,1.787325838,0,0
27.87331968,1000.497537,64.9513707,15.05823611,2.98E-06,23.05779158,4682.56727,1.011765094,0,0
24.70308554,1012.534912,73.66920822,11.68003429,3.44E-05,28.60219397,3378.492083,1.942334495,0,0
26.58470023,1001.049318,53.55414254,17.95906112,1.62E-05,24.0267345,1982.551506,1.4323339,0,0
27.83409492,1002.215824,76.11154349,19.60473427,3.16E-05,31.60365933,1866.268843,1.430421908,0,0
23.27614784,1009.368276,76.27646608,26.57859782,0.000006341,17.16246705,2196.560623,1.098657377,0,0
24.95274476,1003.59229,56.1186632,10.14439894,1.65E-05,28.54381447,2471.790807,1.978269486,0,0
26.99283037,1008.976769,32.27432707,26.912526,4.57E-05,31.41254787,726.9547105,1.997915134,0,0
22.06867377,1018.105123,75.40174382,14.71374229,4.55E-05,21.18963158,4884.42479,1.28126002,0,0
27.6274866,1001.338616,65.46360058,20.64222268,0.000024416,19.46988629,3557.41937,1.190809491,0,0
24.42273437,1006.331134,77.78106899,10.57262388,1.08E-05,19.84621213,2128.932346,1.232730242,0,0
23.93079272,1021.811638,65.60317107,21.59923961,5.36E-06,28.87984217,915.4299931,1.786367386,0,0
22.00045407,1010.426218,47.52351012,27.17627829,7.20E-06,26.31289765,796.1018863,1.704795836,0,0
27.24062502,1010.865191,54.40461301,28.54845673,2.65E-05,24.75196876,2933.812603,1.689229736,0,0
20.855067,1020.527763,51.77525137,11.4469702,0.000039523,22.53899943,591.800726,1.63377904,0,0
27.04105083,1022.193838,77.88317374,27.3541092,1.10E-06,22.60482333,4110.858642,1.366253006,0,0
24.81238805,1015.157924,48.2512652,28.08947855,2.57E-05,24.29568412,4987.817354,1.493500364,0,0
21.42718602,1012.826736,70.70083678,25.53720654,3.96E-05,29.16047568,1345.667362,1.862084086,0,0
27.14754772,1004.853817,36.52278183,29.51209937,4.35E-05,32.86472294,4443.244285,1.541686824,0,0
25.17121389,1013.634071,32.56031746,24.91006171,2.58E-05,27.9541815,2562.935044,1.491811322,0,0
21.37431288,1006.967843,37.9426346,13.91332591,4.87E-05,18.06226892,1419.425079,1.590589658,0,0
24.88142861,1003.849353,69.68587129,25.70405736,1.26E-05,20.77332605,4696.140541,1.825671446,0,0
25.58237626,1002.055831,50.91320405,21.18603744,1.02E-05,23.96453164,3045.0268,1.32737668,0,0
26.24755855,1021.01124,46.18047347,26.77314309,6.08E-06,31.75458197,848.4771152,1.082927153,0,0
25.13420324,1011.798434,75.39453002,17.26378392,1.51E-05,25.01469812,2334.13631,1.344428046,0,0
25.54993039,1018.989046,72.64919845,29.45713209,1.41E-05,29.32186965,2031.865354,1.677081972,0,0
23.80785352,1024.844328,66.44510679,29.04982601,4.19E-05,33.05802022,4090.654066,1.45915913,0,0
22.01430763,1009.258004,31.01181163,20.47986335,2.57E-05,25.5050093,4872.753002,1.911454004,0,0
21.29370223,1009.222063,51.19780897,17.21065836,4.01E-05,25.4807534,2903.289103,1.853013559,0,0
26.44742523,1003.305288,65.6957292,18.70872258,1.54E-05,16.00037642,2487.522846,1.355436681,0,0
22.01210432,1017.366793,68.47426937,14.89579038,3.42E-06,31.97505401,148.8027319,1.937112494,0,0
25.02095899,1008.046166,42.32389548,10.18011329,1.25E-05,17.75456603,3099.614482,1.166545589,0,0
24.2290387,1014.752911,44.90208492,10.70129898,2.83E-06,15.52694664,3721.710869,1.318009705,0,0
26.37040149,1010.793321,52.64990504,20.25765205,3.59E-05,20.47005732,695.7780127,1.556057335,0,0
22.61582099,1011.062283,62.34733542,19.88251482,3.14E-05,25.88400004,3725.002222,1.705936618,0,0
24.27351913,1016.972576,73.67798011,18.64542576,2.12E-05,30.28491242,2954.513802,1.07100678,0,0
27.13689613,1000.769578,67.41981781,25.17588285,4.77E-05,16.08268817,3024.598618,1.427840571,0,0
22.64506364,1002.257964,58.13270598,19.58081451,6.12E-06,27.24979014,3715.970289,1.767278301,0,0
27.24298551,1010.236769,77.65363843,27.3085881,1.55E-05,18.18566075,2233.408041,1.401898708,0,0
24.60575444,1014.584656,67.49934922,20.19779896,6.14E-06,32.16582671,1617.846458,1.97129746,0,0
20.94288087,1023.956279,34.55059034,14.62072276,3.28E-06,29.10226293,4266.463809,1.434071082,0,0
27.4281766,1014.757477,61.50035677,26.90838403,1.55E-05,22.08531443,4539.164404,1.900963496,0,0
27.81186221,1022.545958,36.3686018,26.47448572,2.11E-05,34.81602712,2414.176725,1.553836083,0,0
24.23819932,1008.043426,33.75110444,27.91302461,4.03E-05,17.79053561,3906.16453,1.625846666,0,0
23.2731503,1006.350529,72.98643918,24.00376519,2.78E-05,27.19137068,546.2242922,1.473919761,0,0
21.54960234,1005.209592,63.06519811,28.22512304,2.08E-05,19.15498546,3278.859992,1.871187046,0,0
25.98655041,1021.718931,56.82773355,25.03752489,7.86E-06,21.96549231,2008.790906,1.511295746,0,0
27.43261088,1021.857414,36.72627461,13.45579304,1.85E-05,20.81487732,3112.37767,1.902776048,0,0
27.69833233,1016.340074,71.90796007,20.504044,0.000011208,25.49376824,2819.904747,1.742457564,0,0
21.75906392,1009.20776,48.20137346,29.18879191,2.28E-05,30.10187935,3778.975769,1.265544185,0,0
24.57495752,1022.357572,53.75988597,28.90235015,1.15E-05,16.48318212,4468.123978,1.847681198,0,0
27.94071901,1016.984837,76.83439633,26.5389805,4.24E-05,26.38283141,1973.58653,1.934558073,0,0
23.4569374,1013.470484,52.30571536,21.29636628,2.41E-05,15.95935117,4422.036111,1.444393819,0,0
24.71154919,1003.479695,30.1693924,14.90580187,3.55E-05,16.9838906,4553.548458,1.215022569,0,0
21.63674891,1004.537699,30.69908565,25.43610937,4.39E-05,27.28325405,1022.17991,1.285277997,0,0
23.80741358,1023.858649,42.36756859,24.63291808,0.000022533,20.95694697,2333.988091,1.071206718,0,0
26.38949897,1006.082548,66.27060616,11.36696743,4.78E-05,18.86029971,4425.436173,1.80947321,0,0
27.74287939,1011.947267,66.36986469,17.41421314,0.000010034,23.86151866,912.1701754,1.982044623,0,0
20.76997193,1014.730293,61.32319276,20.76159086,3.34E-05,17.3236155,2819.590769,1.287212571,0,0
27.52140851,1019.051791,78.62572411,10.75112139,1.50E-05,18.90845173,154.6574778,1.24232573,0,0
25.43020787,1005.777223,55.45017227,27.7563623,3.50E-05,22.8925814,1925.097801,1.455735814,0,0
21.41633153,1015.850019,48.20764096,27.04730699,3.81E-05,27.21026328,1884.590891,1.209931832,0,0
26.20921491,1012.160227,41.23750191,13.9034923,9.10E-06,30.54322392,1222.037208,1.526642264,0,0
23.61237089,1014.490272,73.85774502,27.3549478,2.31E-05,15.30732501,2189.574648,1.606193537,0,0
24.46211807,1016.283403,37.70378662,22.93070198,9.95E-06,30.01047961,1761.529305,1.709895433,0,0
20.38292479,1010.196501,65.25172611,14.53741033,4.00E-05,27.61559466,2979.052684,1.353548854,0,0
23.85961176,1014.933733,53.6231057,23.96626648,2.23E-05,19.04546363,1148.275536,1.005803769,0,0
22.40766172,1018.722941,69.70813544,14.04935084,4.80E-05,25.04805587,4593.19587,1.706765282,0,0
25.77946738,1002.126091,40.99955634,10.17629667,3.61E-05,21.88876577,3954.597329,1.33893622,0,0
26.55467002,1003.267456,38.66865784,16.81753079,2.10E-05,21.97405622,3841.870459,1.096951393,0,0
22.80973616,1020.931,33.33985386,28.84687015,4.93E-05,16.77136348,1527.235359,1.372400666,0,0
26.21113095,1014.89817,62.21828502,25.15019646,0.000006781,31.66418914,3557.53704,1.577341725,0,0
27.11788268,1017.507659,40.08499813,18.59490762,2.52E-05,16.10435254,4777.723815,1.128577261,0,0
25.57969014,1012.655776,31.28161249,28.49494952,0.00004274,25.48515856,1221.817447,1.121622891,0,0
22.90713984,1006.385707,55.33456005,29.32818592,2.92E-05,32.79862112,3289.306304,1.475246527,0,0
26.8368605,1011.784203,73.43140853,15.83153539,7.31E-06,32.10628929,2978.334303,1.889092398,0,0
27.50261766,1001.34071,55.04846509,17.49929098,3.17E-05,30.87182394,1474.892058,1.556798384,0,0
25.66982864,1003.360777,70.7033453,22.122192,4.75E-05,21.79057838,629.9151175,1.506501201,0,0
20.68648617,1024.238163,31.93424791,25.07007802,0.00002673,22.37241305,422.6266061,1.622166924,0,0
24.68176264,1007.022082,75.51108507,16.08220015,2.30E-05,25.87524912,591.1362031,1.932161719,0,0
22.99628922,1002.01948,49.36455868,22.00405094,0.000026169,28.89083948,371.8713161,1.28454061,0,0
26.55384461,1001.997342,72.77429773,11.83792184,4.19E-05,22.21576802,3099.82441,1.152887116,0,0
20.52934977,1005.398455,36.3926909,16.24811795,2.62E-05,26.77518927,3970.353726,1.656239893,0,0
24.8700666,1010.294551,53.69042175,18.29041659,4.23E-05,19.60000905,128.0325646,1.651319897,0,0
21.61969747,1022.252878,72.95231649,11.53454744,0.000006213,24.90343184,3085.191048,1.274908338,0,0
25.73438173,1014.872901,46.24120549,10.50742976,3.78E-05,19.29507332,4188.921343,1.42029026,0,0
24.61661954,1021.823718,73.18115005,17.4303915,1.12E-05,30.50292155,2222.092998,1.192041994,0,0
27.23540274,1004.952605,31.29035841,10.40559948,3.15E-05,28.23350121,1624.104355,1.320010989,0,0
22.71595132,1017.003964,32.90668955,28.58232705,1.19E-05,34.9934641,940.4611996,1.771546457,0,0
21.78730036,1002.02117,73.74666622,27.17502518,2.08E-05,29.04792285,2829.62307,1.852956114,0,0
22.52044775,1013.09181,54.26861856,17.07811653,4.47E-05,18.31755849,832.5923337,1.576909535,0,0
25.25995384,1004.865481,49.53587211,28.93127686,1.31E-05,28.36721404,3726.732029,1.4481287,0,0
27.50020789,1018.416418,52.89622899,21.38670404,3.49E-05,26.84380361,4405.618161,1.356888662,0,0
22.39908592,1005.345972,31.8891484,10.86027929,4.36E-05,28.56786293,3336.608836,1.614642819,0,0
26.79375316,1012.006673,73.52054143,17.18890052,4.64E-05,28.9731396,1360.167967,1.564084922,0,0
24.26424449,1003.447471,59.56214529,16.29571247,3.57E-06,33.97312315,3243.302808,1.876918932,0,0
25.40844804,1008.924592,55.63440362,23.51493521,4.81E-05,20.07338918,4387.387587,1.924077805,0,0
25.36332412,1023.281666,49.89392937,29.06032352,3.54E-05,15.84011535,4543.676876,1.484472809,0,0
23.68261588,1014.161665,37.46922734,19.38332097,4.17E-05,15.30964918,1437.294086,1.002454586,0,0
23.32569047,1018.207888,69.93859146,28.90379522,3.08E-05,20.09253733,4628.324951,1.775315754,0,0
24.59542786,1017.391005,76.21581775,24.24788057,1.91E-05,29.26056405,297.3629974,1.386415562,0,0
23.25058425,1004.170956,31.15427403,12.66762473,3.31E-05,31.04577633,4942.197114,1.346363503,0,0
24.79503378,1023.428624,38.35208907,24.35291173,0.000037994,16.77951072,4320.121987,1.813105047,0,0
20.26722405,1002.27711,32.45634469,16.69487064,2.60E-05,25.64695456,1411.567123,1.911596887,0,0
22.94610232,1001.138754,45.01135558,20.62218845,2.10E-05,20.47685038,743.4839238,1.8191645,0,0
27.96916194,1008.238553,49.08105221,22.36075049,3.62E-05,22.8405907,4534.154633,1.560003989,0,0
23.60312061,1016.166819,77.64019241,25.89104589,2.96E-06,21.64619821,2405.668956,1.314517572,0,0
25.60150049,1020.656729,66.56725476,29.78666574,1.44E-05,32.4997899,3856.451059,1.362178758,0,0
25.87299635,1002.601899,69.46667412,20.64661205,1.53E-05,28.11554604,3243.937994,1.209486223,0,0
20.24317932,1010.840565,58.47559347,27.53210557,4.65E-05,25.57610436,3793.63707,1.439303272,0,0
25.96865725,1005.120038,48.55323674,22.68455998,1.89E-06,29.44922621,4194.123956,1.399141661,0,0
23.58353934,1021.282055,68.78273177,15.76298978,1.69E-05,28.57756465,2859.670653,1.162229571,0,0
22.47943927,1022.499582,64.40872184,29.71948635,3.86E-05,33.83948864,1159.324012,1.771484875,0,0
20.16174016,1016.769001,53.46411391,16.93520144,4.33E-05,32.08535385,209.278354,1.609505122,0,0
22.94265779,1010.391525,71.60203696,16.19679543,4.72E-05,18.59267653,3347.339875,1.672105067,0,0
22.01756129,1008.118765,71.73992463,25.2361051,1.71E-05,25.67913094,402.2334516,1.208745882,0,0
23.88656447,1002.149343,72.16661774,24.3601242,0.000047238,28.86933812,4707.966724,1.554512556,0,0
24.80174889,1024.424276,62.10645734,10.61573138,3.65E-05,33.10937384,3998.343224,1.583833273,0,0
25.3704281,1024.754795,34.53310443,23.34489657,1.49E-05,27.80180793,3077.355522,1.153456832,0,0
21.65397317,1015.540739,36.41149737,15.3036175,0.000041927,21.54183012,2491.494766,1.941140335,0,0
21.81719271,1009.74065,60.32288878,25.10677859,0.000045181,33.30945975,3905.536364,1.228330837,0,0
20.19847464,1009.594348,37.07744255,24.20775295,3.34E-05,15.87943283,4199.309518,1.248743266,0,0
23.4578166,1016.698343,51.47093934,18.82575606,4.22E-06,23.02887099,3847.754677,1.915176337,0,0
23.3079771,1010.589646,65.13135532,28.85544002,0.000014086,23.80288413,4000.268893,1.609693569,0,0
20.88469075,1015.693318,39.33731423,20.20431868,2.69E-05,32.52406724,2366.221943,1.279442422,0,0
21.84773079,1021.856297,38.55054272,18.51737122,1.02E-05,30.4660808,2424.425936,1.351143691,0,0
22.88879713,1021.305355,57.68869771,24.35735702,4.50E-05,33.03483352,1709.694366,1.952451263,0,0
20.19900706,1009.420889,74.78994288,15.4927376,0.000014381,21.0524457,3100.335586,1.438332776,0,0
25.81387869,1022.372766,63.70996875,14.0893344,4.67E-05,20.28985747,834.4820471,1.089967279,0,0
24.50706993,1002.844062,36.93879421,16.00060961,0.000014801,27.08479021,4102.051869,1.761349656,0,0
22.09987564,1006.132762,78.28957651,10.16472483,4.41E-05,18.99457038,4741.693183,1.342307285,0,0
23.52281419,1017.678015,59.38345257,16.35878659,2.81E-05,29.61413769,307.4412349,1.011199305,0,0
23.66453551,1003.295915,63.21721457,14.28104912,2.22E-05,18.95341874,2787.56957,1.116053459,0,0
20.18485482,1001.278291,77.71292208,12.84572437,3.57E-05,16.35852408,629.985726,1.508876251,0,0
23.71896744,1023.789508,77.24177265,25.59217285,0.000030503,24.09920635,1845.274818,1.947087547,0,0
24.82327049,1014.476813,41.59505609,10.93395636,4.73E-05,21.27470518,2268.686214,1.114639944,0,0
26.69539464,1000.690796,71.69953811,12.80570026,4.44E-05,29.59545275,906.8842863,1.565817993,0,0
22.50125051,1004.455827,72.95910997,18.07045533,2.05E-05,18.3977335,1977.021813,1.871616846,0,0
22.90502968,1023.790089,77.31544496,12.89797319,9.69E-06,32.25348141,2024.528503,1.004373982,0,0
22.19097456,1014.940725,69.9632983,12.66777234,6.42E-06,33.44185307,3780.627002,1.589779601,0,0
26.15349432,1010.721359,67.92278737,17.43605983,1.30E-05,29.58026843,2156.394232,1.981377104,0,0
22.79588146,1023.043186,76.64812743,14.83705894,4.01E-05,23.6614901,4595.871163,1.450124273,0,0
25.95442974,1011.674185,41.39003779,13.98700258,2.18E-05,30.10989314,3064.850277,1.68862929,0,0
22.25861081,1012.035884,32.21976325,26.35064832,4.95E-05,23.13758125,153.7219003,1.16979264,0,0
25.22021502,1015.301983,69.39323598,15.07768022,0.000038418,28.75968043,1681.791039,1.545488148,0,0
21.17819047,1011.314113,74.05986698,18.4238276,4.21E-05,26.80506731,1040.195894,1.581106245,0,0
24.04786663,1009.966033,35.98152198,18.33417328,4.57E-06,16.97538103,2137.991011,1.305381482,0,0
27.40435461,1009.392645,67.8929061,20.60495053,3.55E-05,20.20231966,4715.334367,1.530088497,0,0
26.65059257,1009.126142,35.01056745,23.47423295,1.38E-06,24.50585953,1044.729323,1.627375504,0,0
27.83535899,1011.610073,70.87491283,20.15568374,2.53E-05,33.60846986,4460.832757,1.785800465,0,0
22.37004603,1013.62521,41.19486167,18.87833396,2.47E-05,31.6328008,4490.53899,1.414620062,0,0
20.14163556,1021.544346,38.71393393,22.43763928,2.22E-06,22.99012951,4931.20548,1.100693601,0,0
23.38954522,1007.678749,75.25440617,27.38680216,1.26E-05,16.62375574,3172.978131,1.336368712,0,0
25.37667512,1000.802994,36.66996176,23.72744466,1.14E-05,32.15175352,387.0953498,1.215481983,0,0
27.98848199,1010.826903,65.14828318,13.65326098,3.09E-05,29.52212137,1640.935516,1.828897112,0,0
24.82734063,1009.728075,57.88211967,21.53521695,9.11E-06,23.0546474,1782.809881,1.400902723,0,0
26.08888471,1012.06346,77.01580766,15.87352827,2.14E-05,30.73913621,2775.520507,1.547028146,0,0
20.4267213,1009.964992,43.53668662,29.98670246,1.61E-05,32.6899307,3413.545302,1.340916409,0,0
24.34827503,1021.013397,74.1684149,13.2078775,1.76E-05,21.7044636,306.0195008,1.59823776,0,0
26.83856042,1009.53936,67.00179725,22.55400827,1.94E-05,17.82119599,3575.686879,1.854565169,0,0
25.48683594,1000.446962,40.81164472,11.3895997,2.89E-05,30.12955358,641.8380166,1.838337821,0,0
24.44407183,1017.249225,78.57009243,11.67361977,0.00004516,17.52205392,2025.498153,1.851438696,0,0
27.25003389,1012.659292,59.70523191,24.16294669,4.18E-05,17.43022339,4069.33961,1.481276151,0,0
23.6049874,1010.597494,55.46057926,28.90101107,0.000027862,34.06355077,983.42164,1.724135979,0,0
26.49791631,1016.978221,60.34611401,21.29625562,4.32E-05,31.43293194,699.2147338,1.848587657,0,0
23.31254896,1006.342421,73.4884284,18.64049599,4.06E-05,20.26807224,119.253675,1.495459193,0,0
20.80182605,1018.859399,43.8037568,18.87291293,5.26E-06,20.73318497,3929.302192,1.151587912,0,0
25.17727649,1022.935646,63.99183799,26.22043379,6.34E-06,20.01463652,4483.240376,1.715105614,0,0
25.11643061,1016.594168,50.71002772,10.89113263,3.94E-05,28.57426472,2416.741874,1.899759615,0,0
22.68927732,1007.358044,73.63981625,25.9397531,0.000026234,17.61469479,1153.85021,1.65622799,0,0
23.0803299,1020.91183,77.49775047,26.11273851,1.95E-05,30.77372858,1822.0642,1.167100088,0,0
20.26714564,1009.642918,75.17796518,14.77973176,1.11E-05,34.3964157,222.520153,1.78578215,0,0
22.57095965,1000.937199,75.89012701,12.7928466,2.80E-05,20.48108415,419.4447307,1.049922486,0,0
20.92445359,1001.784175,68.02790578,19.71132405,1.78E-05,23.3673782,4651.839004,1.910751813,0,0
25.72541184,1022.117059,45.98240138,17.62218652,3.11E-05,27.47251895,2460.329206,1.400657848,0,0
27.88944249,1020.528091,51.74900989,24.54584954,1.42E-05,17.00338652,1826.912025,1.4029728,0,0
20.132297,1020.3698,47.95967012,21.60836332,4.62E-06,18.49993658,4459.499254,1.608687528,0,0
27.6022724,1024.968751,48.59300577,15.97606128,4.31E-05,34.97222854,3185.242048,1.795140723,0,0
26.25396687,1008.883493,58.71351901,26.66113883,3.47E-05,15.42327628,1749.857778,1.144475697,0,0
21.8637777,1022.637237,31.84466445,14.39601424,1.62E-05,27.33768144,2717.098281,1.218269483,0,0
21.31392854,1005.919951,55.12648134,15.42355571,4.74E-05,24.27730443,388.1004811,1.729266406,0,0
22.63076231,1016.337223,43.97971853,21.41487483,3.88E-05,33.56017484,1379.523008,1.334856951,0,0
23.71413136,1023.179371,75.06934284,11.7975656,7.46E-06,24.91018355,622.4344367,1.345580873,0,0
21.18708303,1015.901009,77.47477159,29.93467541,1.94E-05,26.98025274,4295.711502,1.117462073,0,0
25.51651529,1010.221092,40.30730801,18.05507237,4.72E-06,28.90814297,1338.439077,1.311405645,0,0
20.96865039,1021.616478,54.67221396,21.44293756,2.89E-05,23.20986229,1043.396586,1.745132749,0,0
21.01645012,1002.596845,65.50725188,14.17674041,1.60E-05,24.50454934,2301.821452,1.708579125,0,0
24.98745435,1016.109904,65.70271653,15.85225455,1.68E-05,23.75995496,1606.564648,1.984937869,0,0
26.51241541,1004.116367,30.27970779,10.85566536,1.30E-05,17.28582572,2713.356763,1.857995223,0,0
25.89400177,1005.390227,49.9649628,20.15788419,4.07E-05,31.78243206,4557.619728,1.509245251,0,0
25.55419797,1002.795009,58.264448,14.97383619,2.22E-05,27.68101017,1359.231095,1.052185058,0,0
20.08187085,1000.553988,30.41748688,12.20710113,1.27E-05,19.42443028,4935.303311,1.306006105,0,0
21.01936627,1013.639064,72.89787277,23.56120754,0.000015508,26.2323232,3602.794274,1.728104492,0,0
25.33230764,1021.770261,73.50527292,21.57873119,0.000022063,27.83140591,4109.238807,1.005652105,0,0
27.93597607,1004.572344,53.51244928,27.4405947,0.000012027,24.53590448,749.6526829,1.395076325,0,0
21.41708364,1009.090694,48.67321084,29.86341579,4.97E-05,17.29572557,3657.247019,1.05174548,0,0
20.24153612,1002.633347,78.27428285,28.81727096,1.05E-05,18.23344671,1278.621924,1.515546994,0,0
24.55763706,1005.539836,67.8311394,16.19106339,4.62E-05,28.13445413,2238.120852,1.789912002,0,0
26.54331701,1007.26204,46.98572719,28.71910307,9.07E-06,15.84300834,2324.871081,1.8012099,0,0
26.17334485,1022.988266,56.66003322,12.00129343,2.98E-05,30.56791229,557.3077893,1.172657401,0,0
20.09832529,1014.841314,74.3367196,23.41326632,0.00004912,16.26067305,4524.705317,1.814068287,0,0
22.51393216,1024.338164,44.39688741,27.78609448,4.42E-05,30.15315233,2861.005322,1.12000275,0,0
24.25577388,1008.919906,69.61085166,25.16258413,0.00004562,15.29660325,4064.605762,1.938462053,0,0
26.31440359,1003.254861,34.06395524,10.4169048,3.18E-05,27.59345304,4935.8772,1.398043174,0,0
22.65525028,1015.610623,71.28043363,28.73547899,4.04E-05,23.53347961,3211.079753,1.856299327,0,0
23.92487751,1005.417166,38.48617199,10.00315489,3.62E-05,17.22194418,1294.811589,1.297876332,0,0
24.48303888,1009.948932,63.7336996,11.11277319,0.000007073,24.98423007,1751.12746,1.295813363,0,0
20.53622463,1022.392979,64.59092931,12.43236314,4.19E-06,34.49745067,3437.745497,1.417456071,0,0
25.61384833,1018.908295,68.99811012,19.55754611,2.21E-05,15.22056169,4640.129864,1.603307878,0,0
21.6252315,1022.990085,75.74659509,29.78368329,4.38E-05,34.95568776,1298.962322,1.842249585,0,0
26.58422647,1005.773509,34.92187745,29.58841027,1.55E-05,32.41783581,120.2230579,1.021024807,0,0
23.72697047,1005.967867,64.49206417,21.31128651,4.80E-06,18.25256593,2001.441423,1.185604064,0,0
26.33777878,1010.401756,34.67159334,19.68685805,5.45E-06,17.57874611,1274.088177,1.859527705,0,0
27.39690026,1020.656443,46.70386087,15.44892882,2.79E-05,29.43706321,4967.526662,1.131570712,0,0
20.39433599,1017.358897,71.61128918,26.9269756,3.42E-05,34.08031608,2603.923341,1.913814798,0,0
27.7424971,1021.178936,45.48792816,13.92431302,2.79E-05,24.06029501,4401.015877,1.100031671,0,0
22.06192049,1018.794974,34.74933225,16.41528828,2.00E-05,27.45187593,874.849964,1.86060449,0,0
23.58033788,1022.925543,53.39349568,15.50080518,7.95E-06,15.07490189,2707.571676,1.107156697,0,0
23.13382211,1014.731794,43.78429485,13.50448585,3.90E-05,33.93582345,592.1580475,1.155590324,0,0
27.68010126,1000.944606,78.88161683,10.09288966,4.38E-05,21.14650362,4699.085405,1.316945289,0,0
25.23445057,1002.000814,42.11649057,25.47358693,2.69E-05,33.55938124,2200.881901,1.869812366,0,0
23.5916435,1024.481207,77.99171907,16.58273411,4.44E-05,31.95222748,1132.333947,1.624290401,0,0
20.58145852,1020.917768,38.72729418,11.41629403,2.06E-05,26.53844277,4289.093097,1.974242526,0,0
23.5159401,1001.511173,67.45577895,21.30346512,2.29E-05,21.18537758,2561.752786,1.338679605,0,0
26.05609494,1013.597342,73.84238871,20.87087829,1.27E-05,32.02183764,2830.37332,1.206841038,0,0
24.98806248,1008.942919,72.22028061,19.06599477,3.66E-05,16.91072415,2040.519297,1.983241437,0,0
26.46768232,1003.99852,43.88820247,16.59631618,3.29E-05,30.13989519,3772.680383,1.509874056,0,0
26.4865643,1010.926952,36.19402826,21.28883683,4.77E-05,30.85987303,2935.633174,1.64680566,0,0
27.44449622,1010.70857,46.56970695,29.5448313,4.33E-05,21.46087169,2372.524927,1.415078129,0,0
21.19276543,1023.945483,50.21562156,27.50658165,1.03E-05,25.95741621,217.4107871,1.764220484,0,0
24.64731119,1015.63974,32.58604413,14.2207666,4.64E-06,20.77828632,3174.451138,1.566185984,0,0
24.89719857,1013.731282,43.65143978,14.89014995,7.72E-06,31.9814175,3120.748857,1.186511013,0,0
21.41767504,1021.82589,67.13654319,23.1879816,2.09E-05,20.23951129,4899.308739,1.797239575,0,0
22.41423379,1021.18912,67.94659743,15.941611,2.19E-05,18.71906891,644.1569775,1.722762033,0,0
22.14009486,1020.501484,79.78043558,11.53239628,2.42E-05,31.04125119,3965.859393,1.759997158,0,0
22.79195948,1011.346331,59.74841787,29.47881167,1.70E-05,33.46287775,1419.848899,1.989074466,0,0
25.36210949,1011.587787,60.6695214,15.45062338,1.44E-05,17.27109088,658.8464588,1.347671742,0,0
26.10284382,1015.199279,35.12922802,27.0447305,0.000030467,34.21711154,3383.90879,1.175174864,0,0
23.7902669,1016.21244,31.41323505,10.29820528,7.34E-06,20.0332887,2204.790705,1.487440474,0,0
21.10422087,1016.834789,59.80690308,15.88928198,1.67E-06,16.55295831,2019.3044,1.153974351,0,0
23.01455685,1015.704565,57.36187139,14.62351766,1.78E-05,27.28062397,4318.189637,1.753213439,0,0
24.42720021,1009.057325,48.25256388,27.58834621,2.92E-06,34.75965289,3355.439513,1.681137699,0,0
20.3039827,1015.138232,54.238903,12.11557814,1.46E-05,32.80628912,2794.943238,1.413416575,0,0
20.58145725,1017.853038,65.14254117,22.28087214,2.60E-05,23.67568804,3007.028356,1.233395452,0,0
27.53007251,1014.719863,45.55962222,18.99359702,4.05E-05,18.23232121,1534.89455,1.679508023,0,0
22.52391365,1019.812542,36.52267436,25.25372341,4.35E-06,15.25185225,4501.295242,1.581339217,0,0
22.81461518,1005.814866,60.84428916,20.18004367,4.96E-05,34.66431973,3211.620374,1.442870506,0,0
23.92912775,1017.061977,35.07872721,16.56704148,4.69E-06,16.46721519,1059.612285,1.485253255,0,0
26.27819457,1012.137397,46.77383053,11.64705981,2.80E-05,20.42537173,3113.177472,1.977187739,0,0
20.89051457,1005.303135,53.65472691,29.37227631,3.88E-05,32.96458386,1735.202758,1.992038474,0,0
20.82266253,1001.324323,72.78013135,28.5452974,5.44E-06,17.26854853,262.553373,1.104507563,0,0
21.67535853,1024.251915,63.39301111,25.57106051,3.90E-05,25.701475,4007.695991,1.595807532,0,0
22.51636878,1014.027753,56.67542931,26.46906108,4.91E-05,23.22085131,3840.614324,1.099763004,0,0
26.21465096,1009.285423,31.96950814,17.26492357,3.09E-05,17.38500335,4627.769013,1.077672413,0,0
27.44005376,1017.678438,46.48560877,17.81500695,3.73E-05,27.02942202,3391.050315,1.389164617,0,0
23.90250785,1024.746687,40.69614353,18.35712373,1.53E-05,30.30223021,3843.661866,1.292445461,0,0
20.65112253,1000.285817,51.37252666,18.20675189,4.94E-05,24.39604151,1356.450011,1.891229441,0,0
23.9285436,1014.979391,34.78343552,17.65832815,0.000047267,26.79010768,1788.05909,1.625667181,0,0
27.28328872,1006.849765,55.25583592,29.17381308,9.45E-06,29.39327851,3110.95694,1.679675131,0,0
22.80975705,1007.846984,64.21048353,14.3108657,2.16E-05,18.76349292,140.6937215,1.97005736,0,0
23.45362383,1024.23374,37.01617599,21.74733559,1.08E-05,30.80148254,3940.144645,1.112607149,0,0
27.29651562,1004.865741,60.64886708,29.7126724,4.42E-05,34.13127857,1778.733979,1.105575642,0,0
21.50677499,1012.512372,69.66148391,13.00307288,3.33E-05,21.47155208,1771.890155,1.66191773,0,0
23.73599536,1020.300832,37.79592548,25.7989654,4.15E-06,18.8810776,3315.133601,1.854925657,0,0
22.02143702,1008.17979,56.85603741,14.23145613,4.07E-05,30.4727329,811.9293886,1.463829732,0,0
26.19862213,1008.433238,61.65534114,11.00426243,3.08E-05,18.0530596,4169.858293,1.355449464,0,0
22.2524309,1021.022224,32.50720115,17.93217599,1.91E-05,20.69600749,4567.596227,1.750928394,0,0
20.51138531,1017.867186,56.36495666,28.01735789,1.63E-05,26.48323999,2553.700846,1.489560906,0,0
23.6488432,1005.140737,67.78549612,19.02672065,4.80E-05,20.21616854,3445.444814,1.94071708,0,0
25.30766658,1021.781823,71.37404799,17.20235431,3.04E-05,18.1252268,2724.076825,1.230421972,0,0
25.94989452,1013.201461,50.56136813,15.37594192,4.99E-05,16.43421042,313.4473348,1.217257401,0,0
27.76857967,1024.480954,62.74638674,27.60213334,1.15E-05,34.44084188,799.6457657,1.101125188,0,0
20.89769231,1014.328198,69.04872004,17.33334356,4.89E-05,23.68840276,837.1978988,1.465966748,0,0
25.43229732,1020.805645,52.9384145,21.87213652,1.41E-05,27.91833053,4931.262525,1.049053573,0,0
27.09224537,1014.057063,42.60493298,29.0977942,2.47E-05,21.63380503,989.3383785,1.24445221,0,0
26.66279233,1015.36025,75.66228097,14.63936904,6.94E-06,15.12175062,2588.523984,1.99830693,0,0
25.55972215,1007.709865,73.84292915,25.63444532,1.76E-06,31.33720961,1572.58111,1.149673465,0,0
21.81064672,1011.714495,51.24339635,15.77774599,9.44E-06,30.24461579,4951.53794,1.77779158,0,0
22.36749574,1006.120224,40.8832938,12.73390149,2.80E-05,27.10800744,3556.963037,1.680213371,0,0
22.33866649,1008.257775,64.07572677,16.98895282,1.14E-05,22.48672307,1433.212372,1.088312721,0,0
26.64111122,1021.327785,40.98751501,11.29544399,3.72E-05,19.23057252,2027.833898,1.064135252,0,0
21.81015668,1019.822557,70.21982235,14.1416965,1.75E-05,17.68476838,463.4458884,1.992171714,0,0
25.24475161,1013.552413,68.27492502,26.80154319,0.000040529,15.33078899,1015.358701,1.654905302,0,0
23.00607478,1024.562066,63.27023963,29.13097817,1.09E-05,32.27914056,1674.626298,1.989564808,0,0
21.26150938,1012.908495,69.64222669,18.65284961,2.39E-05,34.72711591,2184.009936,1.604072101,0,0
20.43631729,1021.055252,62.40840245,18.08040206,1.79E-06,26.83337641,162.0233596,1.001203614,0,0
24.9287885,1004.725427,39.59437749,23.06543132,3.63E-06,21.26811123,832.2163205,1.58017637,0,0
25.29412124,1018.028396,42.76156085,11.78499503,4.86E-06,23.52303097,4734.637604,1.217729034,0,0
22.05393281,1002.52222,60.27851369,23.59745748,3.25E-05,32.22260486,2483.486592,1.134457041,0,0
22.31524105,1016.560749,60.65609869,20.62006259,3.45E-05,27.74781701,4418.491958,1.586016378,0,0
26.22881087,1006.217679,63.90912923,28.04388237,1.99E-05,30.58208375,3651.467576,1.059526197,0,0
24.65206648,1003.254734,78.36595861,26.22815005,6.38E-06,17.43503995,3012.921889,1.344889174,0,0
20.27924687,1013.541038,49.39225498,12.02152985,4.03E-05,33.30153531,3807.310277,1.82242231,0,0
21.73192454,1006.589324,40.42637702,25.30126863,4.74E-05,29.33674413,4419.187148,1.638699095,0,0
23.1012792,1010.64404,33.76607161,10.6291439,3.51E-05,23.76857784,2805.853833,1.557661248,0,0
22.21900651,1011.897313,53.53801108,17.76854442,4.12E-05,24.02328007,3057.85817,1.89552012,0,0
26.92986898,1022.260555,43.50024982,10.69964977,1.38E-05,20.57414691,4555.865601,1.649242733,0,0
20.65363168,1003.384465,37.78380628,22.60843496,3.70E-05,32.19287821,4709.119099,1.201704557,0,0
22.47817988,1006.008072,47.93807837,28.29330215,2.92E-05,29.76383795,2501.584257,1.028857913,0,0
20.51356389,1013.448076,65.93945174,14.30661055,3.64E-05,31.21331547,2118.297644,1.746419233,0,0
23.2322396,1016.958766,68.19985247,29.83853237,1.79E-05,23.22081561,911.5382911,1.204073058,0,0
25.54716002,1022.92614,49.73024758,13.59688894,1.50E-05,24.1010341,1524.186614,1.233579083,0,0
25.88787591,1000.196123,56.96152637,25.87533614,1.40E-05,27.06583021,3377.610518,1.655024696,0,0
23.56679707,1008.66445,71.79620365,25.16891914,1.67E-05,17.06038389,451.8569727,1.094275978,0,0
24.66295489,1001.291554,46.84634375,25.06399404,1.54E-05,30.26616154,3752.788487,1.245827133,0,0
25.83057744,1018.694416,49.87269628,14.20840967,2.65E-05,33.42795176,3234.121989,1.172922498,0,0
25.4620554,1010.680076,59.57643987,24.6812807,2.62E-05,31.27967949,3638.562339,1.61507334,0,0
21.20634253,1020.898728,76.79527927,12.73930248,2.49E-05,20.17777484,3797.164206,1.721629636,0,0
21.12708096,1021.925682,39.0486532,25.94518051,0.000023392,21.56544587,875.3723871,1.167614256,0,0
25.29512444,1013.76076,36.10427108,12.25395721,4.54E-06,29.87534695,3588.222218,1.058430991,0,0
24.4821606,1002.116904,75.18728853,28.14234838,3.52E-05,33.52377843,4076.119849,1.828538576,0,0
24.5576628,1007.65148,40.88995576,16.54400044,3.18E-05,18.45313072,1367.33716,1.468060863,0,0
21.86440079,1014.716092,76.15880142,24.96178731,3.37E-05,26.65442952,2490.944755,1.18656386,0,0
27.15768364,1006.2134,34.56544388,25.00030358,9.61E-06,22.43791999,238.5961486,1.137067943,0,0
21.38562905,1001.360253,62.83284783,26.74015592,1.93E-05,32.49152953,1145.398215,1.325390424,0,0
21.20589594,1015.51398,50.99347954,22.26566694,3.83E-05,25.91406032,3175.388739,1.935250314,0,0
22.39251448,1008.979098,65.88516809,22.22611034,9.75E-06,22.5229462,2392.406264,1.419389838,0,0
21.42619847,1023.110752,68.11593808,19.62711664,0.000034323,32.94565344,767.2532976,1.250373051,0,0
24.34160998,1019.975259,31.81274477,29.680363,2.33E-05,22.18462281,1534.349745,1.174356708,0,0
26.33259127,1023.885354,50.68223774,29.0484139,4.14E-05,24.62102255,3402.728278,1.434984179,0,0
24.46978727,1001.451158,64.81317377,11.05649289,4.10E-05,31.49893859,1261.678709,1.323662781,0,0
23.85048303,1014.916573,44.36768309,21.84972809,1.56E-05,16.10981442,112.3849942,1.101151058,0,0
26.3380056,1024.035783,51.34830996,20.25367907,8.20E-06,26.02062705,808.8090198,1.611214331,0,0
27.46606934,1004.892463,68.2281859,10.47004846,1.94E-05,17.21497016,1827.129664,1.17353692,0,0
22.98643992,1010.43807,45.02955614,23.13243899,4.60E-05,23.01190748,1042.481467,1.270722758,0,0
26.83200659,1014.290993,52.75055162,12.99273443,2.30E-05,20.56984007,4721.499326,1.884070109,0,0
20.67122033,1012.916337,41.25291728,18.21554179,4.40E-05,25.5502904,1737.654938,1.207888354,0,0
26.40259888,1015.61295,53.40327302,14.34968708,1.74E-05,34.19686853,2648.440694,1.400699281,0,0
24.17137634,1019.474713,47.00544683,13.57412242,2.97E-05,28.30408207,3592.318214,1.881987591,0,0
22.96939297,1001.883872,77.91742918,18.70023855,3.15E-05,28.32610646,2777.917173,1.20525753,0,0
26.0411444,1020.093799,57.6487793,19.77122321,0.000006583,16.67903323,1763.867743,1.310846156,0,0
27.62925161,1019.590569,62.99621476,20.35296178,0.000009201,34.56913344,1937.699421,1.106925602,0,0
23.95039117,1021.84995,74.36455009,10.21931832,4.44E-05,20.42968435,290.9645834,1.84779027,0,0
26.91093405,1014.905777,58.72168786,26.26240545,3.95E-05,32.80210947,2808.462493,1.967647093,0,0
27.96917465,1002.913615,72.47718798,19.99644516,2.00E-05,27.2614462,374.2312306,1.506461119,0,0
26.96712456,1005.336538,51.31949474,28.78961775,2.20E-05,22.16735265,2258.629576,1.519452767,0,0
25.05593075,1020.01732,52.60511029,26.3496187,2.72E-05,21.76961021,3323.959058,1.717722255,0,0
24.46439181,1001.415374,38.49414376,15.70595442,1.48E-05,28.468416,189.9084422,1.755681777,0,0
22.1227398,1007.750546,56.3954914,14.31851202,4.43E-05,16.70737559,2277.473575,1.84942227,0,0
24.92675116,1007.308238,51.03801039,24.13388761,4.87E-05,32.86277437,1777.920761,1.998197879,0,0
20.02803731,1000.690744,71.19202576,13.98925374,3.98E-06,19.74296146,2187.890755,1.73056627,0,0
24.99468421,1005.94053,55.16352241,28.52428211,4.09E-05,21.4637957,4913.096351,1.7086204,0,0
20.49959485,1000.879018,38.42039745,24.55711736,1.00E-05,25.22973538,556.9745889,1.920886158,0,0
22.75168491,1022.703301,77.2437821,10.12257295,2.37E-05,15.49312111,4552.594555,1.518407545,0,0
20.5995521,1002.756918,49.17545122,28.80468386,3.50E-05,32.35237732,1895.637567,1.0432137,0,0
27.7945411,1000.429325,77.38258265,17.37354848,1.49E-06,28.78314463,4904.64749,1.965625723,0,0
21.28749609,1004.531195,58.27694573,22.74609653,3.72E-05,18.62100721,4799.134725,1.638739256,0,0
26.77637535,1013.501643,50.71384238,29.54365813,2.95E-05,32.33747166,4771.132742,1.675354627,0,0
24.39150943,1000.087771,32.00098204,14.01702432,1.01E-05,20.0951759,1594.179725,1.360065494,0,0
23.36430152,1002.471658,32.1180966,23.47888898,2.73E-05,23.88288404,3208.755712,1.827679407,0,0
23.42154327,1016.027987,77.67861119,26.79248992,0.000021874,27.89433676,967.6475174,1.560522185,0,0
27.85062633,1012.957878,76.38191496,18.14669841,4.99E-05,26.5844007,307.1180718,1.586754797,0,0
22.19658157,1000.812033,71.04266523,15.51459274,4.00E-05,20.76435166,1052.199134,1.973935574,0,0
22.89316262,1015.034405,60.49907464,21.20946964,4.58E-05,28.48882143,2078.29172,1.862380385,0,0
21.44850319,1013.605919,77.5275186,22.5079526,4.10E-05,28.07121451,4212.917231,1.94448788,0,0
22.18337382,1004.241527,54.19953752,24.03724854,1.21E-05,15.08202901,1780.382068,1.968859336,0,0
25.55973968,1010.033136,39.62880487,17.12179348,9.32E-06,17.12611643,4543.037626,1.997650338,0,0
21.31291552,1001.363064,46.48655536,19.23318362,1.10E-05,21.02849824,1084.266605,1.774260568,0,0
25.70062355,1015.873788,49.36089285,28.18081883,4.85E-05,18.47278625,1192.761943,1.525631028,0,0
20.73000455,1010.91121,59.08956324,20.44147142,1.72E-05,25.84891612,4798.124676,1.206017404,0,0
25.23865087,1001.084917,33.32082022,21.03656448,0.000006142,15.44693577,940.4136885,1.564849171,0,0
25.62672764,1005.061964,63.41297186,13.64952662,3.11E-05,23.2391936,3303.617596,1.995052753,0,0
27.50253572,1000.107044,74.27193822,11.3298159,4.77E-05,20.63651358,1971.970669,1.091638205,0,0
20.89818207,1018.168514,77.21661179,22.2149699,3.61E-05,30.23939489,1387.789945,1.045229631,0,0
20.01498195,1008.766232,42.07321141,11.2463545,9.80E-06,17.48997797,4582.904065,1.140267214,0,0
24.30118771,1014.827649,57.17447289,11.98112868,1.66E-05,16.02540665,2038.782579,1.188598931,0,0
24.49306027,1017.32021,56.60599301,18.68473393,2.00E-05,31.83383536,1174.903519,1.73421834,0,0
26.0598586,1010.48,44.86502996,19.41082972,5.57E-06,15.91860064,646.8556773,1.187145032,0,0
24.03341456,1021.228416,41.7821166,28.70324021,4.78E-05,34.1780921,4204.0574,1.363825041,0,0
20.58147129,1014.220468,57.9340722,26.99951534,4.98E-05,25.16314613,1791.499752,1.185901712,0,0
20.0383986,1012.727842,57.77593334,26.4987696,2.57E-05,33.32936697,3177.609035,1.840336238,0,0
21.18641388,1021.383403,63.75719272,13.40466065,1.03E-05,33.53001238,257.8552662,1.462534943,0,0
22.50780232,1016.626936,71.98146938,17.20756243,2.19E-05,34.63835569,3941.190897,1.897204131,0,0
23.51009777,1005.851905,50.59317327,24.32183836,6.36E-06,20.40938211,328.5159123,1.432347738,0,0
26.61956589,1000.616592,63.76617634,28.64991749,1.26E-05,28.87269681,4877.999315,1.96227806,0,0
21.87943354,1002.508276,37.41412689,24.04071337,3.66E-05,28.48473123,1746.7841,1.16977694,0,0
24.64608874,1012.092011,66.44170736,18.82720157,1.76E-05,20.86957155,1136.204568,1.265746376,0,0
20.75864351,1008.671425,31.82849062,13.72827694,3.76E-05,21.50937977,3374.361383,1.716884176,0,0
24.64948274,1023.967444,31.07199333,24.77305301,4.80E-05,32.24543459,922.6741898,1.326820306,0,0
21.37961472,1015.032709,65.6093991,16.34147539,2.74E-05,28.8184114,2164.565101,1.854015531,0,0
26.17239948,1001.616639,61.05626495,14.70651102,2.83E-05,34.13776885,4407.403822,1.404516403,0,0
22.33211087,1005.860144,56.62574349,12.28496907,2.79E-05,15.02667279,1686.863191,1.219934314,0,0
27.76975032,1018.181058,47.48266902,11.85690173,2.63E-05,19.26895763,2728.504775,1.835362354,0,0
24.92634042,1015.84471,57.05151445,28.54531265,4.67E-05,25.25446402,1598.221487,1.459587006,0,0
21.4924633,1015.908608,55.00461679,12.06600956,1.07E-05,24.59263912,4449.186055,1.566390721,0,0
25.45228,1008.475714,58.57056965,18.94759645,3.33E-05,16.01151132,2517.17106,1.295992625,0,0
22.60948049,1024.022936,39.13474064,16.22490505,2.60E-05,32.26053896,2141.683408,1.743865281,0,0
26.85099279,1007.750409,49.63750918,17.13112447,4.18E-05,15.88693724,1611.263335,1.679408558,0,0
24.523548,1010.907234,56.99741136,13.95169172,2.21E-05,25.03405968,4515.826698,1.260835163,0,0
26.94262802,1016.106035,31.01704155,24.49262674,0.000002742,34.94762254,4375.91977,1.297343748,0,0
22.05928984,1009.536027,47.80834827,17.44675637,1.66E-05,27.42266814,904.8919522,1.845981292,0,0
26.49921987,1011.91208,72.63649826,14.9429014,1.86E-06,27.3841585,2343.756094,1.567164546,0,0
27.19471527,1024.248139,61.72265699,25.2811118,5.11E-06,18.2143117,3692.703544,1.431365456,0,0
23.56772216,1007.715192,60.36781917,13.70330091,3.17E-05,18.47597714,412.7475701,1.330357689,0,0
21.84912274,1022.224791,32.74767269,13.53227385,2.79E-05,24.62134382,324.67489,1.007252428,0,0
27.90454354,1016.470868,48.27030655,19.40864495,0.000014061,21.89747567,3280.31789,1.882811799,0,0
21.47304018,1021.009038,36.07783148,14.29984447,2.82E-06,17.81623724,4594.785413,1.459438747,0,0
20.62132689,1023.993171,73.94961539,25.09365042,4.67E-05,19.40258842,4198.209536,1.689991196,0,0
26.958074,1019.922789,47.32475316,25.48797074,1.39E-05,21.57184326,628.7380144,1.935076616,0,0
22.32802691,1013.015562,49.56664182,29.19856241,1.74E-05,30.57091643,4291.539158,1.435606498,0,0
23.02537452,1018.693646,75.64479902,25.09863466,1.21E-05,32.76615495,1999.15017,1.576229412,0,0
26.65148495,1004.709869,69.22550678,21.92325596,4.48E-05,18.43940804,2161.342962,1.832843093,0,0
20.15385363,1002.805034,79.52826064,15.60788357,4.88E-05,18.65063102,1869.362771,1.752869445,0,0
25.26222726,1014.52806,56.49495879,26.86880887,1.25E-05,23.84941854,861.7162316,1.595941596,0,0
22.00435539,1008.346052,53.56253583,10.53541171,0.000005505,28.71858441,2201.952906,1.864790222,0,0
25.55737603,1000.202524,60.83561654,11.87449732,3.93E-05,34.83015377,2702.874092,1.6827795,0,0
21.89851329,1010.939944,72.80476661,13.34845895,1.40E-05,23.90867351,3590.01957,1.375883955,0,0
27.42185824,1002.361426,48.54020988,24.17908247,1.21E-05,28.12826268,904.6630953,1.055980285,0,0
20.96812573,1023.24962,57.58754415,25.92691551,1.73E-05,26.85317296,2525.265455,1.945737959,0,0
25.98059709,1018.263566,32.31766347,20.99339338,2.39E-05,33.55684533,1360.975742,1.269833453,0,0
23.29076999,1006.084243,36.45919589,27.14829693,2.84E-05,32.22725438,4172.56035,1.282042355,0,0
24.38189955,1002.080443,75.7625942,18.0852543,2.03E-05,21.05510741,2357.252349,1.251759387,0,0
22.99881818,1019.998676,71.71277518,16.08364955,2.40E-05,32.47639553,358.099326,1.889144962,0,0
21.75347477,1016.963481,59.12758482,21.05881496,4.31E-05,17.03144287,1800.437324,1.538252746,0,0
26.49031083,1005.411077,70.14649207,17.99276965,1.03E-05,30.17972881,545.4046172,1.514767374,0,0
20.51100627,1008.910446,60.05383995,21.12231083,2.08E-05,23.58095988,1211.170811,1.455882588,0,0
27.62603885,1021.261323,37.26164345,10.59561575,4.67E-05,25.534995,2735.405333,1.780717996,0,0
22.51751179,1012.047689,78.43314566,23.44297374,8.53E-06,17.66453496,1100.897316,1.766711674,0,0
22.36301603,1000.534721,77.20871818,13.39426833,1.47E-06,19.74263205,1251.641057,1.422005251,0,0
27.36311865,1021.979623,52.84472775,18.2179981,2.82E-05,19.86908024,355.7064606,1.939224136,0,0
21.49359188,1004.960018,53.62301644,19.8322669,1.90E-06,17.95909478,1952.958611,1.683730694,0,0
21.82734765,1010.575361,57.86725324,27.77184989,1.70E-05,17.67116532,2497.433907,1.746721602,0,0
20.87887806,1010.617087,30.88925706,10.67118363,2.47E-05,20.96394596,4241.025765,1.602154306,0,0
23.63146369,1010.198384,54.86227401,10.80877662,4.47E-05,34.96606311,989.2869118,1.120382965,0,0
21.14861971,1016.525676,63.07204192,26.95848325,3.78E-05,23.99379347,3102.991272,1.68828467,0,0
24.10189176,1011.891275,62.25487228,21.14949098,3.26E-05,27.25709548,3624.063147,1.642803509,0,0
24.15793989,1017.04492,52.47409826,14.83342452,1.07E-06,26.19928294,2994.21061,1.972048965,0,0
22.89182667,1009.853331,40.08997907,11.4106859,3.89E-05,19.99362129,3083.633819,1.687773036,0,0
23.7698935,1021.908803,52.18974205,15.69817246,4.49E-05,32.23128569,903.7957407,1.025961018,0,0
20.71988445,1007.163685,78.61299009,21.17032306,1.93E-05,32.77432189,2320.368024,1.315238628,0,0
27.52975623,1021.237942,72.18341877,20.24569486,3.97E-05,18.58706719,2908.792492,1.983845923,0,0
22.32766744,1019.858808,54.52392036,10.79611366,0.000038388,18.37138289,3194.220479,1.085664194,0,0
27.57493918,1007.293097,41.32323458,12.58272808,4.74E-05,29.23807485,3734.138355,1.499404561,0,0
23.79782228,1002.750531,57.99205478,14.9383299,4.89E-05,30.9316188,2123.661095,1.151341259,0,0
26.28265353,1003.051344,39.46668767,14.23041035,2.83E-05,30.74113308,1640.142906,1.084669814,0,0
23.71630771,1018.702756,41.08319215,14.39849096,4.74E-05,34.08307454,4953.282087,1.807659602,0,0
21.50547335,1005.299538,47.01126208,16.36265063,4.79E-05,30.78147966,3647.643082,1.185963224,0,0
27.27620447,1020.696759,38.18209207,27.42340664,1.43E-05,16.61739492,3318.429302,1.653804659,0,0
20.75945608,1007.971295,79.64072311,23.56853334,3.68E-05,19.25834571,486.0321479,1.27690169,0,0
21.99118708,1005.863603,39.63771609,21.49511381,1.71E-05,31.4069003,1001.342347,1.464627071,0,0
20.10926269,1012.042058,32.79191104,29.55447024,0.000039739,24.80222953,524.2780551,1.592445441,0,0
26.07011001,1004.767931,58.41041704,26.28421797,3.86E-05,31.05984036,4408.684782,1.937682102,0,0
23.24416924,1014.219228,69.5329763,23.94279628,4.98E-05,15.27355302,1840.152755,1.281027926,0,0
22.0985268,1005.563245,65.45619204,11.69518947,3.73E-05,28.86851684,1328.940249,1.252833783,0,0
25.03088468,1019.054278,73.82428065,27.04279128,4.83E-05,26.62769791,4552.412251,1.808513273,0,0
27.15734099,1000.290665,78.29514959,19.47060326,0.000040111,17.54408239,2040.111369,1.271460663,0,0
22.33327016,1003.08139,70.28819163,10.18484629,1.63E-05,18.48821086,2986.290809,1.254252403,0,0
22.07198764,1012.208454,62.63445197,12.42609409,9.60E-06,19.94349489,4871.366249,1.3971525,0,0
24.79192073,1006.03857,54.52297626,11.48238349,2.70E-06,24.37467054,2053.430509,1.13688032,0,0
25.50081143,1024.822587,49.78234106,22.49117272,4.82E-05,31.63069945,2371.405894,1.737489485,0,0
21.02508032,1012.802596,43.95301386,13.22327376,2.19E-05,17.62029109,3525.02703,1.456240044,0,0
24.24915706,1003.659398,36.98858305,21.66830871,4.93E-05,16.92501166,1500.084,1.869459117,0,0
20.5781761,1021.897143,56.21429917,18.16533548,1.62E-05,20.94234316,1598.432654,1.884803081,0,0
25.79036184,1016.743075,69.93745745,15.14229326,3.13E-05,24.20132478,3933.964012,1.309256111,0,0
25.14542894,1022.05531,50.10752381,11.33244175,2.63E-05,21.91944976,3393.904365,1.951032925,0,0
23.88486654,1011.654756,62.72924001,12.06995007,1.34E-05,33.37958651,3382.718805,1.013444044,0,0
21.63700378,1017.070932,68.21996013,26.79719145,1.53E-05,33.62057193,2809.439779,1.696539022,0,0
24.7739109,1003.068501,78.15573297,12.4575116,1.35E-05,31.2725576,3131.125111,1.838149165,0,0
24.12588951,1009.424831,76.09227498,10.72504635,4.30E-05,19.6163557,4258.808006,1.139196613,0,0
24.64175171,1022.202698,53.67698234,24.93133348,4.04E-05,29.72988417,4634.115711,1.446834231,0,0
21.38500351,1001.195277,42.32299348,12.86395008,2.83E-05,18.69890674,290.7751657,1.035989829,0,0
26.65255599,1014.786248,47.90426509,27.88456085,4.44E-06,34.60644145,3119.829772,1.183464254,0,0
25.43255279,1019.084531,51.46713917,27.23265212,8.39E-06,20.57675167,558.1125718,1.210877841,0,0
21.9098305,1022.94083,33.90548444,18.5483024,2.71E-05,32.97386108,4988.711471,1.753388115,0,0
27.76632792,1019.677528,78.16013205,24.14541452,4.91E-06,23.03840374,3268.326691,1.35071851,0,0
22.18707134,1014.434982,76.67509384,10.69963747,3.87E-05,29.45454556,4823.371784,1.930711222,0,0
26.0978605,1013.010219,40.21337766,20.90471437,3.85E-05,32.91338425,3969.588845,1.195266935,0,0
24.79749051,1008.304336,30.46028337,14.00441872,6.55E-06,31.85438247,1366.680636,1.284697969,0,0
27.67949257,1009.477168,30.47928201,15.67692297,6.85E-06,17.05617123,479.6877217,1.59325947,0,0
21.51478179,1009.03107,73.10088581,18.4867628,4.59E-05,24.95876107,2054.299413,1.750388927,0,0
20.58540079,1002.23696,62.5986857,19.73881426,3.97E-05,33.32541675,2002.997701,1.596410027,0,0
24.00557302,1024.540266,71.55422037,28.23475417,1.35E-05,30.45052846,1400.818802,1.208742533,0,0
27.55412928,1000.48261,78.26943518,12.98523794,4.12E-05,20.51845106,1818.441404,1.216757711,0,0
24.68411234,1008.702389,62.86965197,10.31294636,4.15E-06,16.99322305,2153.069058,1.814796173,0,0
27.10542328,1006.120269,58.71848621,25.36729985,1.52E-05,23.18015473,2667.473593,1.134874846,0,0
20.20785835,1003.820145,61.34268106,11.47236523,1.03E-05,21.75707771,481.5633151,1.191699271,0,0
27.29015831,1000.482478,62.67159621,17.68817862,3.40E-05,26.77383441,1195.143896,1.847209488,0,0
23.93552306,1020.5634,50.30062681,29.69371108,0.000038754,34.3190041,2620.199747,1.473691132,0,0
26.04363047,1022.007282,78.20728979,16.49103812,4.01E-05,19.21291195,2773.314299,1.179848148,0,0
22.77917889,1023.283959,37.30453499,22.6480179,3.01E-05,17.41476705,1697.297314,1.562981505,0,0
21.49742887,1020.015591,78.60782548,14.295188,1.02E-05,24.09870144,3764.049858,1.28160061,0,0
20.15903927,1013.530516,77.83002839,17.82553711,2.16E-05,34.37803434,3503.577297,1.719171923,0,0
24.50161604,1024.36523,64.44332422,27.90065503,3.53E-05,29.7023165,1523.013518,1.303478698,0,0
26.2638772,1007.417657,58.13850354,14.98704622,4.10E-05,17.21002702,4164.288535,1.602729801,0,0
21.49527628,1013.550885,44.12494184,16.46934669,1.82E-05,16.26638494,4931.212254,1.031534628,0,0
25.29997499,1009.280691,62.30051455,17.12496506,3.40E-05,29.58471019,3483.707938,1.113961981,0,0
25.25514588,1006.999689,31.44006853,18.29661344,2.22E-05,24.34348267,3553.63841,1.308843809,0,0
22.5222441,1001.513806,64.3410608,21.35652183,1.81E-05,29.10377958,2733.052971,1.469244946,0,0
24.09059635,1015.908703,63.00013023,15.77915638,7.90E-06,18.13268362,3233.015341,1.872873286,0,0
23.27597023,1004.238004,67.83012491,26.64978949,4.41E-05,27.13662858,4317.569941,1.015414958,0,0
20.85788641,1002.314402,65.63023421,11.39163567,2.53E-05,24.45413797,1622.447265,1.87040517,0,0
21.36346562,1008.81157,68.708575,10.60844629,3.40E-05,31.32795453,4668.11241,1.876296641,0,0
22.55507293,1014.659104,33.86467466,15.15740007,5.62E-06,21.3037458,4388.417346,1.34716684,0,0
24.49518482,1010.834521,52.94582621,29.39144104,1.55E-05,27.54648939,2158.307081,1.061146181,0,0
23.91464665,1020.333583,34.93764843,11.39183695,8.53E-06,30.28800223,3647.577382,1.565017769,0,0
23.74581123,1022.208145,68.33489119,26.23884503,4.08E-05,27.85434309,2344.271659,1.864677753,0,0
27.40805934,1000.595151,32.57774366,29.17486594,1.46E-05,32.46738879,2005.096083,1.119100058,0,0
20.6435456,1003.912697,42.49465974,19.77036708,3.54E-05,34.72797153,2263.383042,1.518184942,0,0
24.17452561,1013.485859,55.88703286,10.1754951,1.08E-06,16.95332636,597.6273568,1.704896909,0,0
21.63932826,1022.367853,76.43031648,29.51786676,0.000047015,20.43776644,2597.906539,1.17545497,0,0
26.44967724,1022.210793,72.56444196,18.66733897,0.000038175,16.95158339,297.199376,1.753236414,0,0
23.40284219,1024.888732,34.86271079,27.11255363,2.45E-05,31.54300391,4103.923683,1.915992001,0,0
22.38280009,1023.744984,37.58334802,11.63937555,2.21E-05,31.56645937,2419.76354,1.829286678,0,0
25.83749445,1005.23571,77.44408125,11.21562337,4.50E-05,21.08886898,2550.725608,1.422351873,0,0
21.37467646,1008.953672,39.64672181,14.07772951,1.02E-05,24.78034761,4009.863701,1.568970034,0,0
27.14565271,1015.913612,64.46700578,23.35214459,2.30E-05,28.78677644,441.5679577,1.859851472,0,0
26.22249715,1006.130749,68.40162271,10.25285203,1.16E-05,16.30274477,3923.111891,1.755874151,0,0
26.50908819,1000.112042,55.06163633,24.09672395,8.61E-06,27.99581455,512.1394866,1.181325856,0,0
23.80637452,1016.339129,37.29345635,13.70446662,1.10E-05,19.77401609,1210.113858,1.395149109,0,0
25.23031721,1010.950795,68.79869544,24.38537012,7.20E-06,15.97683247,4401.913664,1.079831067,0,0
21.18671345,1000.553332,61.41681826,21.64741126,4.94E-05,32.73864793,2113.13157,1.371585841,0,0
22.37481627,1003.810173,36.90418283,12.64567416,6.59E-06,19.81024085,1602.676289,1.961578971,0,0
24.62778601,1024.689894,48.62334739,19.15253265,1.69E-05,18.65775302,801.5070681,1.945079198,0,0
27.89448545,1001.122737,37.51729374,18.47048185,1.01E-05,22.27760787,732.5721143,1.456511757,0,0
22.17355693,1008.797626,34.71563257,18.56256101,4.92E-05,21.57666094,4394.503447,1.843199142,0,0
27.61646735,1019.752738,62.97984135,27.13168888,4.71E-06,24.25661314,4947.355569,1.769600151,0,0
27.69660302,1019.490859,73.74409837,24.13059265,3.83E-05,25.4635602,4628.764734,1.825038911,0,0
26.75107973,1016.825228,45.22899735,10.71259591,4.68E-05,26.72240698,1560.900559,1.149135108,0,0
26.63618532,1020.913005,70.72539841,22.90165384,1.89E-05,21.0814057,141.9183736,1.833607559,0,0
20.69946158,1015.768875,55.20374734,20.53378718,4.64E-05,15.63230023,3889.621901,1.052052398,0,0
20.30522885,1010.745442,33.15375872,25.78287903,2.69E-05,15.58077565,298.4533638,1.61266853,0,0
26.44889454,1010.944988,57.72903358,25.99658908,3.09E-05,19.49520475,3103.954927,1.628279459,0,0
25.87285585,1015.521855,78.46210652,13.94576617,4.76E-05,25.76678981,3392.585088,1.099461598,0,0
23.04460753,1019.234479,65.34555075,10.80278776,2.78E-05,16.76556386,4979.696503,1.897296589,0,0
20.16864528,1021.466239,75.97148003,17.07096445,3.63E-05,23.84207492,3310.639174,1.340317404,0,0
22.58047389,1010.610847,37.27838793,26.62277929,1.81E-05,23.00299108,4480.867602,1.496623814,0,0
24.35403127,1023.912453,74.33631916,13.38933418,2.42E-05,34.42592455,1924.594861,1.371573109,0,0
21.56024185,1002.858078,67.01523954,25.40060937,4.85E-05,30.46836422,1292.427221,1.040116578,0,0
27.88349908,1008.511267,45.59857712,28.1191042,2.97E-05,19.29742348,4456.571589,1.993360855,0,0
20.69342849,1021.556291,49.52578488,20.48144893,0.000045826,34.46758392,1384.603161,1.212850771,0,0
20.64413247,1014.044946,30.68021977,18.23796595,4.60E-06,23.10451566,295.6677274,1.835217261,0,0
21.67791195,1008.207718,73.50239983,24.92532123,1.17E-05,16.43798837,3606.801507,1.390702551,0,0
26.12863999,1011.132369,47.30012065,19.02410816,3.77E-05,33.04440573,343.8592633,1.524111541,0,0
20.26268343,1011.710239,74.26414145,17.23180533,4.67E-05,27.61216943,4677.361185,1.757166625,0,0
20.82748133,1005.778784,49.70852273,13.40213764,2.53E-05,24.42736311,4785.67007,1.433727883,0,0
26.28501443,1023.547764,73.84944155,14.17335249,2.53E-05,21.95479565,2059.307606,1.360806826,0,0
26.61087368,1011.303476,56.18471661,29.64894714,0.000003939,24.7591528,3892.902364,1.151161958,0,0
24.89225276,1005.986619,73.37020566,16.54199331,1.71E-05,26.96387757,999.4582498,1.284888639,0,0
23.3330548,1008.840947,56.2438609,21.99280288,2.88E-05,28.08336624,1607.972631,1.126426227,0,0
26.08646033,1021.26951,42.85031161,18.14183912,2.54E-05,25.66653686,3331.501838,1.041603233,0,0
25.77181666,1001.549275,53.41442838,26.55342271,2.31E-05,17.98179498,4926.665841,1.889285462,0,0
26.17050907,1010.28779,39.19228634,28.82822363,2.71E-05,32.04710921,1776.265528,1.335288317,0,0
27.88432385,1013.045826,37.03477119,14.39349356,2.46E-05,15.84941821,2366.416528,1.418940842,0,0
26.23469012,1008.873549,79.12743808,13.61539839,3.00E-05,16.79398594,3695.933522,1.994753688,0,0
26.5531091,1013.892589,54.23706787,26.70059923,4.69E-05,34.78413052,2043.042215,1.990917475,0,0
21.24741002,1006.338744,34.45080624,15.43477033,3.86E-05,32.05848716,3916.573961,1.631065778,0,0
24.1117321,1017.717607,49.54167746,26.82616703,3.42E-05,28.95609397,2726.086366,1.885228984,0,0
22.01611787,1009.528691,68.88212848,19.85497792,4.46E-05,21.9279864,1909.717827,1.888735789,0,0
23.71496256,1012.903115,46.63818577,15.53339884,3.31E-05,17.39681323,4408.435942,1.779203137,0,0
21.52598611,1017.350499,60.13164606,13.69070101,0.000014387,23.17973007,3526.289403,1.638723409,0,0
24.25787878,1019.210264,67.89688698,22.35718308,3.96E-05,21.6852675,4418.122689,1.614910086,0,0
26.57890811,1013.656978,40.92191225,20.84820257,1.92E-05,28.94998072,2431.38958,1.836112805,0,0
25.4245801,1017.113611,40.85776667,29.68499533,4.22E-05,30.78009769,1718.054603,1.535631653,0,0
21.0968255,1013.461899,37.29446232,21.06075688,3.28E-05,22.80391935,2542.869904,1.875653388,0,0
20.86850516,1019.793322,38.53772755,10.73415966,1.01E-05,30.3008638,2085.117759,1.872520517,0,0
24.19766033,1000.556259,65.83568048,12.20465817,3.97E-05,18.362051,1792.68729,1.76127143,0,0
27.63385086,1009.285849,71.47001101,13.81584531,4.06E-05,28.14988119,1044.443185,1.30250396,0,0
21.05416711,1009.574175,40.18243206,22.87995907,4.97E-05,15.24018326,2750.507085,1.573666598,0,0
27.31367032,1012.650133,57.18507098,19.43305603,1.42E-05,16.12058267,2102.422643,1.052591471,0,0
24.40393976,1007.682341,56.68012008,12.68593929,4.67E-05,32.89042487,1030.982895,1.343444283,0,0
24.90794217,1002.392155,47.72839106,15.02224574,4.59E-05,32.05021273,2941.180432,1.520346337,0,0
27.44580636,1023.310695,78.46650627,12.50757768,8.87E-06,28.53473397,2753.028935,1.018465905,0,0
20.49580029,1022.20201,73.44353978,17.14541844,4.47E-05,26.87350149,4048.93767,1.427431071,0,0
20.90718662,1010.843177,52.8649899,21.01888388,6.17E-06,34.82803726,1296.270422,1.198552404,0,0
24.21442335,1013.430204,51.99103689,25.43784293,2.63E-05,27.1939091,3646.357288,1.025025102,0,0
24.56515346,1022.104862,30.86943715,18.10364208,4.64E-05,22.06308805,2347.771239,1.981541393,0,0
21.59459087,1001.63138,72.97112954,27.36930682,2.41E-05,25.28414349,4195.451211,1.738559498,0,0
22.12119202,1000.422334,53.98500813,27.17824652,4.49E-05,34.12452394,4409.859864,1.580043555,0,0
23.55684479,1019.371246,66.99108172,20.7628686,0.000005279,33.52162694,2332.452434,1.363333782,0,0
25.03653916,1016.845949,40.53439585,26.7387769,1.52E-05,18.73367852,2091.359279,1.730560081,0,0
27.72366543,1020.232032,77.01741888,12.81211608,4.49E-06,26.15409524,1522.457667,1.828054973,0,0
25.37590297,1024.268204,42.73961779,19.71568229,2.56E-05,19.7835359,2991.457657,1.443285986,0,0
23.57377245,1009.068416,30.84646762,20.44190474,1.74E-05,15.02639738,1608.924168,1.278628333,0,0
23.14758523,1003.2963,55.38419123,23.84880705,3.19E-05,31.07509895,2314.840611,1.51909173,0,0
26.48321553,1010.692529,65.0799675,18.69204737,2.15E-05,30.20411249,956.7008858,1.338585972,0,0
21.79337821,1008.977749,41.51874112,21.58811262,4.01E-05,30.73226122,1886.054726,1.988760406,0,0
24.75083492,1009.985008,71.77696396,24.59748025,3.77E-05,18.92278699,2394.789106,1.861828131,0,0
24.03230406,1017.086319,59.39668665,26.84713575,1.49E-05,26.50950556,703.8498732,1.690210777,0,0
25.85574271,1001.070933,63.78954818,18.29380308,7.08E-06,23.39815095,1051.741356,1.415559532,0,0
23.07471222,1018.459791,68.71077791,22.14057309,2.11E-06,33.62044558,3462.543072,1.03419545,0,0
26.55066319,1005.006654,58.96105948,19.3326874,2.16E-05,32.7942744,2243.070329,1.075344118,0,0
27.57310982,1023.013381,64.22163448,19.35785056,5.55E-06,30.81496237,469.8417807,1.068600985,0,0
24.29907074,1004.003206,30.38651337,18.46226862,7.72E-06,18.21030831,476.8621298,1.205093754,0,0
25.72387344,1020.223183,52.6266822,20.13107632,2.60E-06,16.38632523,1362.081856,1.543898421,0,0
25.91640919,1015.125077,49.60639275,12.36648146,3.93E-05,22.27572103,3706.664671,1.512978842,0,0
25.90929643,1022.682239,76.0514758,20.7021356,2.61E-05,20.31356931,4685.419174,1.457919167,0,0
21.02072991,1010.817623,36.35266251,20.05063369,2.85E-05,21.75511523,451.0880097,1.943503536,0,0
26.18682491,1020.972027,48.34341971,25.2166206,2.48E-05,19.02166977,709.6745468,1.345050869,0,0
21.10041689,1024.956724,32.45944951,18.82287199,2.32E-05,21.01263857,2899.622672,1.149977024,0,0
26.27129904,1008.311193,59.56712949,24.31278472,4.46E-05,31.71574873,3080.714238,1.38839318,0,0
24.02563736,1019.21837,73.87727713,12.07563856,0.000019858,30.52233197,2215.093637,1.332227764,0,0
23.29058157,1015.071119,79.99025721,19.85984858,1.12E-05,18.25693151,307.5137626,1.558817235,0,0
24.35657673,1005.130848,64.76647032,24.82214083,1.37E-05,21.88199528,4953.311195,1.374264468,0,0
26.08641337,1011.318136,69.66724139,25.38046478,0.00003372,32.09556693,4702.170625,1.579983321,0,0
21.89975126,1009.965724,67.91528568,23.0176697,9.71E-06,16.02479082,3446.511808,1.251079024,0,0
23.99736195,1018.668669,58.13333903,11.66605166,1.01E-05,19.38656368,1363.534843,1.565403392,0,0
24.03172624,1005.079001,33.37774217,13.42864409,4.92E-05,24.370939,4349.992973,1.848752467,0,0
24.09215646,1017.667193,39.63760052,23.7679341,1.43E-05,31.64124194,510.2482522,1.773138673,0,0
20.79949525,1022.029731,45.21022591,23.0878673,2.49E-05,22.32606291,3262.664983,1.947522981,0,0
20.33015798,1022.971321,60.45408275,26.14628602,1.98E-05,24.4368595,4357.368684,1.41484797,0,0
24.27727653,1000.504873,37.92990029,22.83373016,3.61E-05,26.65201874,802.2191778,1.445405429,0,0
22.84075813,1012.391534,73.51645173,25.51722877,5.12E-06,32.80618396,2411.659041,1.743862145,0,0
21.12031385,1016.767988,41.81630088,18.76761794,1.83E-06,18.03221276,551.1944163,1.239744173,0,0
20.80014472,1017.297751,31.45199511,22.35481001,7.89E-06,33.90322914,4672.160958,1.225503103,0,0
24.91537039,1000.700133,76.58942715,20.45974616,3.12E-06,21.84999986,476.5623631,1.392944439,0,0
25.35941074,1011.747248,49.18610874,12.38314091,0.000013002,17.00286575,4056.743785,1.135239828,0,0
24.76298693,1008.56851,41.29891923,22.78936879,2.34E-05,23.00290935,3004.974824,1.491267629,0,0
22.42787367,1013.976532,63.47492883,10.53386317,2.38E-05,16.15366569,1013.386529,1.560508734,0,0
26.92951132,1022.070142,33.49720051,18.38210173,2.96E-05,17.94139809,3850.617862,1.744235258,0,0
27.22672811,1000.21215,40.8342122,26.54373428,3.39E-05,32.88779707,380.1803072,1.596963966,0,0
24.5523726,1000.89186,55.67610385,22.19040623,1.04E-05,20.46659166,3237.701997,1.468300948,0,0
26.86410926,1008.559544,43.33298292,29.69731881,4.56E-05,15.5798549,3876.570215,1.110334774,0,0
20.21988156,1006.842388,43.46729395,26.38637525,3.58E-05,34.63218855,3586.413212,1.418255553,0,0
25.59142129,1024.986477,65.50709413,25.23362712,4.70E-05,17.27302523,3553.443038,1.850805958,0,0
27.6350288,1005.274232,55.19645039,23.61109695,1.31E-05,27.00945727,1362.136034,1.333457021,0,0
23.53214957,1013.229752,52.46829358,19.8639104,1.56E-05,18.17930188,332.0148889,1.195978723,0,0
24.65554913,1019.652886,38.46237987,12.17110716,3.77E-05,21.10316661,4762.347252,1.714317971,0,0
22.61404838,1007.238569,56.18491931,11.58289337,6.77E-06,18.51715763,3896.145607,1.513857359,0,0
20.08453698,1016.837913,51.18450893,20.2170473,1.15E-05,26.03564457,4897.850875,1.073444691,0,0
22.2713392,1006.07494,42.42746554,17.57412715,4.11E-05,33.2571738,1090.853929,1.542949938,0,0
25.09519178,1013.045687,51.70381971,13.83951012,2.49E-05,23.02429655,3998.260476,1.763604359,0,0
21.07198945,1002.212976,75.40769716,20.71016778,4.30E-05,16.16302241,2679.926521,1.539426515,0,0
26.88561626,1002.44025,42.02227818,18.13076628,4.34E-05,33.7776663,4964.350636,1.959193487,0,0
20.04753405,1001.192709,37.38034096,16.97724194,0.000041666,32.85312391,1015.488591,1.619664152,0,0
27.33889588,1011.593293,35.1771786,19.156273,0.000019414,26.55315992,2249.427554,1.017345927,0,0
27.95198187,1013.588506,53.68153777,29.09234743,8.64E-06,18.78475205,4059.27227,1.26083108,0,0
26.39381685,1006.788337,31.65938151,20.34029448,1.06E-05,30.15692586,3241.878203,1.923602668,0,0
26.26390686,1004.519399,70.00791183,22.8347409,3.38E-05,31.64525772,2911.737939,1.466003514,0,0
25.09312828,1007.448936,39.12985655,22.33175676,1.25E-05,16.59830219,102.7155045,1.608319401,0,0
22.89719027,1018.807774,48.75881992,19.72006896,2.09E-05,28.01149582,1845.081894,1.96376765,0,0
27.48917589,1021.200698,76.01501353,18.98279377,2.73E-05,29.84185185,3511.115032,1.890678596,0,0
25.73064822,1024.947118,47.42528999,26.65995484,3.52E-05,28.8277289,1696.594415,1.785601792,0,0
27.20300818,1005.463712,61.27484186,17.84269658,4.95E-05,24.57665632,1218.768852,1.381857625,0,0
25.23070712,1001.902234,60.18009601,28.62449518,4.27E-05,16.35347073,4967.610406,1.698726924,0,0
21.29824659,1000.310402,38.56413181,26.76351841,2.06E-06,19.66294607,3810.797417,1.586110536,0,0
26.26188568,1018.653763,32.53006936,27.85022838,1.21E-05,26.0678488,3257.011967,1.168628211,0,0
27.80985005,1012.203899,32.88213478,28.7452409,2.97E-05,28.98386396,2673.361371,1.834737955,0,0
20.2650677,1006.709459,53.48241782,11.53207233,3.56E-05,22.87326828,1436.073152,1.003378847,0,0
25.75864249,1020.845233,49.75202678,21.28435954,1.22E-05,27.44395293,159.4735457,1.488643897,0,0
25.15364385,1022.954794,49.06679086,25.30380406,3.03E-05,33.54024226,2052.050611,1.31909534,0,0
27.09713599,1001.23111,36.81926965,11.64808869,4.23E-05,15.21214847,4322.120062,1.451267795,0,0
20.03220223,1010.041129,39.34004205,22.48800975,3.43E-05,24.75055141,298.5456747,1.656128804,0,0
26.73631027,1018.008107,71.49789595,14.01019047,4.46E-05,21.44386901,165.6835898,1.843391646,0,0
27.53457015,1016.388955,41.57183152,15.03488929,2.39E-05,32.95662159,833.0285151,1.82597367,0,0
22.33042247,1020.214654,76.01355988,18.54987744,1.89E-05,31.04442638,2694.466124,1.684449049,0,0
24.9826339,1003.822221,72.23951801,13.91550223,4.67E-05,20.01142583,3696.016769,1.284655394,0,0
22.54228327,1007.750046,67.3946127,21.13630236,4.43E-05,21.14745438,3490.763358,1.7529486,0,0
21.2118569,1010.014734,54.14087472,17.1137478,1.68E-05,28.72839788,1157.745349,1.709390745,0,0
27.48035357,1014.129938,60.57171184,11.37865404,4.34E-05,20.70895574,3113.750711,1.97911217,0,0
24.7640208,1018.117737,52.26598091,11.20731687,4.01E-05,15.69997683,3533.223362,1.022921573,0,0
26.89844189,1003.940901,55.71357477,21.94301409,2.34E-05,21.81526979,2392.290051,1.311415754,0,0
23.50497878,1008.972825,58.31024118,14.75848324,4.94E-05,25.01739907,1051.394179,1.47706675,0,0
26.93132104,1000.54517,63.97770596,20.95935594,9.31E-06,31.34952879,1907.53465,1.293802029,0,0
26.62500153,1015.963126,74.91295418,22.59767407,3.73E-05,31.72891793,368.224216,1.776048959,0,0
24.90965185,1001.737695,55.42889609,11.64916156,3.71E-05,25.93003428,4772.510333,1.183135372,0,0
24.84826762,1005.289553,60.70324924,24.45299405,3.64E-05,31.30147981,4282.396117,1.077271726,0,0
22.74613726,1017.178063,54.92931437,13.81351894,2.81E-05,23.14871306,2011.187561,1.809753717,0,0
23.26078667,1000.661363,32.90316694,27.12488083,4.81E-05,28.76818673,1885.404641,1.938600316,0,0
25.30242469,1021.108339,68.2926152,17.58278632,2.45E-05,18.72264309,1530.869092,1.778125661,0,0
27.15182714,1018.111511,53.25868483,11.73018538,3.79E-06,22.48651129,2372.726422,1.609120622,0,0
20.05191617,1024.743072,48.19694417,26.96189328,2.72E-05,17.60878909,4008.071207,1.709827075,0,0
24.21948868,1012.863827,34.37398029,23.11697897,0.000045651,16.86489838,1391.206108,1.902307973,0,0
22.27475128,1016.348592,56.74090825,21.9265521,2.14E-05,20.99982941,337.8139086,1.744280939,0,0
25.9687477,1016.768144,62.18168941,14.87434264,2.09E-06,31.17430794,2506.578825,1.306838131,0,0
20.81545525,1001.56804,47.44333609,26.0947413,4.60E-05,32.93502729,4608.00409,1.907725343,0,0
24.21779801,1005.485391,69.90232914,14.2742595,1.41E-05,19.66508644,2623.413778,1.321827508,0,0
21.2332484,1011.329335,73.69536194,21.4110571,4.40E-05,18.9174437,918.171981,1.575577126,0,0
23.70663121,1016.504316,69.73133955,25.02614591,4.72E-05,22.96512818,1111.295037,1.55091264,0,0
20.88594496,1007.221278,40.39440276,17.93127434,6.45E-06,15.63683489,3318.290623,1.610248978,0,0
25.66687149,1016.509661,35.71473406,15.82157763,7.35E-06,31.85944804,3759.827911,1.201527003,0,0
22.73047392,1024.165375,59.70796789,26.02311195,0.000013965,19.2010584,3941.192951,1.685872455,0,0
25.44782343,1013.815865,58.17891714,24.71395011,1.42E-05,22.05536932,4371.020176,1.308865201,0,0
24.37047657,1017.565987,79.99624134,18.70582663,2.20E-05,31.85176759,4046.965245,1.731075882,0,0
23.7058371,1008.098478,60.43652413,27.52446586,4.43E-05,17.1699669,2198.916391,1.464721956,0,0
27.82092294,1016.94995,50.36232086,10.52115772,2.87E-05,16.92151951,4188.804791,1.752518661,0,0
23.68407328,1010.730269,74.86694828,15.76916701,0.000013202,33.78394866,4065.3046,1.820625593,0,0
21.56155051,1003.5824,31.30147749,14.74083018,3.89E-05,19.80076838,3672.60609,1.251908265,0,0
23.16233998,1024.579057,42.24058656,17.52741255,1.58E-05,17.19249973,2500.481296,1.378690663,0,0
25.55909669,1020.439864,57.21248572,10.64392844,3.13E-05,16.1078146,3120.145986,1.685029949,0,0
21.58214102,1020.483654,75.55425658,26.26173928,1.60E-05,26.73286025,4582.594231,1.320664726,0,0
26.56022258,1000.236878,30.18233514,25.19423321,3.83E-05,30.77954376,4657.131506,1.117906312,0,0
21.85587988,1022.593123,38.86180989,23.64458535,2.70E-05,16.66387354,1497.791944,1.520372216,0,0
26.81880093,1017.688462,61.09415807,19.9206578,1.56E-05,17.38489823,2104.472569,1.028518494,0,0
21.68844711,1010.812084,50.93025928,10.88590862,2.99E-05,25.99368512,482.7110897,1.943163053,0,0
20.79506223,1021.370854,30.0154866,27.6456219,1.97E-06,30.15624064,1872.284975,1.7382168,0,0
23.21396164,1001.772698,68.37533477,11.42505371,4.62E-05,16.01948072,2448.693861,1.723034431,0,0
23.14597172,1005.430837,67.95454807,25.6858941,4.62E-05,22.52330221,2580.633499,1.363128443,0,0
22.05665457,1018.775824,46.98259225,18.56298884,0.00002078,29.25322451,4597.198568,1.666756061,0,0
23.77266077,1019.480128,62.04856621,11.21220714,5.69E-06,15.75833888,2338.399998,1.825853434,0,0
22.50466535,1009.604005,75.47385542,26.73806891,3.36E-05,20.33607564,673.5032652,1.016058823,0,0
20.85608538,1007.314911,57.58950318,11.28000166,7.68E-06,18.62161405,3196.712256,1.615789799,0,0
24.40612581,1006.262536,48.55598456,11.93379433,1.21E-05,32.95410453,4900.489558,1.647659586,0,0
27.33458634,1016.068548,31.65982431,29.9352517,5.85E-06,28.65283603,1338.897395,1.391981113,0,0
25.16747348,1010.912184,42.52730295,16.68892374,1.77E-05,34.18647809,4013.203778,1.458548772,0,0
21.59856736,1020.275403,37.85912358,14.20924434,1.89E-05,32.60696392,745.7546763,1.122234193,0,0
23.95179991,1006.910264,58.43639708,19.03273369,0.000022313,17.23945941,791.1434822,1.821078577,0,0
27.0870619,1005.867088,35.67302508,11.06833344,3.08E-05,29.30706425,1926.768947,1.679675868,0,0
25.70367052,1023.383557,33.24368189,13.84583446,4.36E-06,32.35987867,3983.677084,1.574642071,0,0
20.66930728,1006.832809,44.8859924,21.21486392,1.36E-05,16.45919728,3680.735279,1.299080212,0,0
23.61899342,1003.191666,70.12741517,21.31063754,4.52E-05,24.90943126,4712.985792,1.891868204,0,0
24.61167885,1023.347336,46.15443736,17.31284325,3.23E-06,26.78401814,3637.427453,1.77351919,0,0
21.19853029,1011.103977,38.8431606,23.24254698,8.74E-06,33.08327368,1230.109764,1.291402266,0,0
26.80725058,1011.46169,31.19979729,19.89172502,5.14E-06,34.70689437,2981.746695,1.256532618,0,0
24.50974144,1001.921678,69.99456521,28.50656108,4.38E-05,21.83515205,1696.263786,1.035087611,0,0
25.21120287,1013.37262,52.96731857,28.15261907,9.23E-06,15.19332533,459.2506154,1.223371438,0,0
20.26628439,1012.571093,45.70452276,13.60966016,3.78E-05,19.08902652,3469.264995,1.349264906,0,0
24.09462209,1023.346676,31.86758174,20.00529015,4.29E-05,26.75948497,1456.665533,1.397681135,0,0
25.44212503,1022.270297,32.05331869,11.43077644,1.69E-05,19.65559369,1398.161342,1.221269999,0,0
21.56660039,1003.265599,76.69770659,12.88378928,1.10E-05,19.92531448,4671.772878,1.755714134,0,0
26.31759544,1002.618956,71.81549375,18.16386164,1.39E-05,26.51500167,4128.696239,1.778652151,0,0
27.11997986,1023.203305,41.90610357,18.47715788,1.72E-06,32.58643319,857.4035422,1.861474812,0,0
22.63509858,1009.20334,31.95661272,16.5375758,4.45E-05,15.51094802,2091.004618,1.03139963,0,0
22.9673874,1004.316016,42.61091966,27.55196746,2.24E-05,20.47595983,2987.758052,1.14210696,0,0
22.07513286,1013.656199,41.87615209,23.58255475,2.51E-05,30.43978141,4746.398225,1.115804889,0,0
22.67732008,1007.988727,37.55914597,26.20606275,3.82E-05,24.68850942,2735.076811,1.059544138,0,0
24.44405882,1019.783538,58.69137868,15.3061274,3.37E-05,22.2297686,2769.879093,1.487565363,0,0
23.04940001,1017.97195,74.1938056,10.10425037,4.67E-05,25.23030272,3533.586214,1.855624566,0,0
23.73682954,1020.874352,38.88099097,13.18335069,3.32E-05,32.40286011,4472.88827,1.643740458,0,0
24.20391384,1008.284827,79.00002078,16.39391373,3.75E-05,25.639636,3081.710478,1.393480551,0,0
27.718585,1014.292058,76.88938152,10.15182832,2.91E-05,29.34373779,3750.892839,1.904976882,0,0
